nome,tipo,caminho,pasta,tamanho_bytes,status_referencia,referenciado_em
"level-2.png","PNG","assets/media/accessory-craft/level-2.png","accessory-craft","367372","referenciado","sistema-de-craft.html"
"lords.png","PNG","assets/media/accessory-craft/lords.png","accessory-craft","93734","referenciado","sistema-de-craft.html"
"store.png","PNG","assets/media/accessory-craft/store.png","accessory-craft","395389","referenciado","sistema-de-craft.html"
"avalorinews.png","PNG","assets/media/articles/avalorinews.png","articles","7128672","sem referencia literal",""
"dark-totem-daily.png","PNG","assets/media/articles/dark-totem-daily.png","articles","39770","sem referencia literal",""
"divergence-system.png","PNG","assets/media/articles/divergence-system.png","articles","903439","sem referencia literal",""
"epic-stone.gif","GIF","assets/media/articles/epic-stone.gif","articles","5878","referenciado","stones-guia-completo.html"
"legendary-stone.gif","GIF","assets/media/articles/legendary-stone.gif","articles","6151","referenciado","stones-guia-completo.html"
"mystic-stone.gif","GIF","assets/media/articles/mystic-stone.gif","articles","6526","referenciado","stones-guia-completo.html"
"rare-stone.gif","GIF","assets/media/articles/rare-stone.gif","articles","5527","referenciado","stones-guia-completo.html"
"rune-system.gif","GIF","assets/media/articles/rune-system.gif","articles","13297536","referenciado","rune-system.html"
"spell-badge-upgrade.gif","GIF","assets/media/articles/spell-badge-upgrade.gif","articles","2077008","referenciado","spell-badge-upgrade.html"
"Background site.jpg","JPG","assets/media/brand/Background site.jpg","brand","313761","sem referencia literal",""
"Parcelamento.png","PNG","assets/media/brand/Parcelamento.png","brand","437390","sem referencia literal",""
"avalorium-logo.png","PNG","assets/media/brand/avalorium-logo.png","brand","2353336","referenciado","ammo.html; amulets.html; animus-mastery-soulpit.html; armors.html; backpacks.html; boots.html; category-colecionaveis.html; category-guias-e-utilidades.html; category-itens-e-equipamentos.html; category-scripts-zerobot.html; category-sistemas-do-servidor.html; character-upgrades.html; comandos-do-servidor.html; dark-totem-daily.html; divergence-system.html; dolls.html; exalted-forge.html; fabio-rockeiro-scripts.html; helmets.html; hireling-enchanter.html; hunts-custom.html; index.html; invasao-de-minibosses.html; legs.html; monster-hunter.html; mounts.html; outfit-mount-bonus.html; outfits.html; portables.html; pyramid-of-azhrkhal-three-asuras.html; reliquary-system.html; rings.html; roulette-system.html; rune-system.html; sanctum-of-fire-ice.html; search.html; shields.html; sistema-de-craft.html; spell-badge-upgrade.html; stones-guia-completo.html; tasks-system.html; the-fallen-usurpers.html; upgrade-stones.html; void-corruption-depths-inner-netherbound.html; void-corruption-depths-outer-void.html; weapons.html"
"avalorium-wordmark.png","PNG","assets/media/brand/avalorium-wordmark.png","brand","1148242","referenciado","index.html"
"fenrir-guardian-clean-v2.png","PNG","assets/media/brand/fenrir-guardian-clean-v2.png","brand","1805173","referenciado","index.html"
"fenrir-guardian-clean.png","PNG","assets/media/brand/fenrir-guardian-clean.png","brand","1904471","sem referencia literal",""
"fenrir-guardian.png","PNG","assets/media/brand/fenrir-guardian.png","brand","1716295","sem referencia literal",""
"ancient-claws.png","PNG","assets/media/craft-progression/ancient-claws.png","craft-progression","71522","referenciado","sistema-de-craft.html"
"ancient-weapons.png","PNG","assets/media/craft-progression/ancient-weapons.png","craft-progression","201453","referenciado","sistema-de-craft.html"
"megalomania-station.png","PNG","assets/media/craft-progression/megalomania-station.png","craft-progression","63271","referenciado","sistema-de-craft.html"
"upgrade-station.png","PNG","assets/media/craft-progression/upgrade-station.png","craft-progression","60577","referenciado","sistema-de-craft.html"
"corrupted.png","PNG","assets/media/craft-utilities/corrupted.png","craft-utilities","10343","referenciado","tasks-system.html; assets/js/wiki.js"
"ironblood.png","PNG","assets/media/craft-utilities/ironblood.png","craft-utilities","9360","referenciado","sistema-de-craft.html; assets/js/wiki.js"
"lothlorien.png","PNG","assets/media/craft-utilities/lothlorien.png","craft-utilities","13226","referenciado","tasks-system.html; assets/js/wiki.js"
"poison.png","PNG","assets/media/craft-utilities/poison.png","craft-utilities","11842","referenciado","tasks-system.html; assets/js/wiki.js"
"t1-equipment.png","PNG","assets/media/craft-utilities/t1-equipment.png","craft-utilities","402185","referenciado","sistema-de-craft.html"
"t1-room.png","PNG","assets/media/craft-utilities/t1-room.png","craft-utilities","573667","referenciado","sistema-de-craft.html"
"batalha-dark-totem.png","PNG","assets/media/dark-totem/batalha-dark-totem.png","dark-totem","1531395","referenciado","dark-totem-daily.html"
"12603-wand_of_dimensions.gif","GIF","assets/media/dark-totem/items/12603-wand_of_dimensions.gif","dark-totem/items","363","referenciado","dark-totem-daily.html"
"19366-icy_culottes.gif","GIF","assets/media/dark-totem/items/19366-icy_culottes.gif","dark-totem/items","504","referenciado","dark-totem-daily.html"
"30055-crunor_idol.gif","GIF","assets/media/dark-totem/items/30055-crunor_idol.gif","dark-totem/items","349","referenciado","dark-totem-daily.html"
"30059-giant_ruby.gif","GIF","assets/media/dark-totem/items/30059-giant_ruby.gif","dark-totem/items","1209","referenciado","dark-totem-daily.html"
"30060-giant_emerald.gif","GIF","assets/media/dark-totem/items/30060-giant_emerald.gif","dark-totem/items","2664","referenciado","dark-totem-daily.html"
"30061-giant_sapphire.gif","GIF","assets/media/dark-totem/items/30061-giant_sapphire.gif","dark-totem/items","2664","referenciado","dark-totem-daily.html"
"3010-emerald_bangle.gif","GIF","assets/media/dark-totem/items/3010-emerald_bangle.gif","dark-totem/items","662","referenciado","dark-totem-daily.html"
"3026-white_pearl.gif","GIF","assets/media/dark-totem/items/3026-white_pearl.gif","dark-totem/items","1646","referenciado","dark-totem-daily.html"
"30278-flames_of_the_percht_queen.gif","GIF","assets/media/dark-totem/items/30278-flames_of_the_percht_queen.gif","dark-totem/items","1816","referenciado","dark-totem-daily.html"
"3029-small_sapphire.gif","GIF","assets/media/dark-totem/items/3029-small_sapphire.gif","dark-totem/items","465","referenciado","dark-totem-daily.html"
"3033-small_amethyst.gif","GIF","assets/media/dark-totem/items/3033-small_amethyst.gif","dark-totem/items","489","referenciado","dark-totem-daily.html"
"32622-giant_amethyst.gif","GIF","assets/media/dark-totem/items/32622-giant_amethyst.gif","dark-totem/items","2492","referenciado","dark-totem-daily.html"
"32623-giant_topaz.gif","GIF","assets/media/dark-totem/items/32623-giant_topaz.gif","dark-totem/items","2039","referenciado","dark-totem-daily.html"
"3360-golden_armor.gif","GIF","assets/media/dark-totem/items/3360-golden_armor.gif","dark-totem/items","1522","referenciado","dark-totem-daily.html"
"3364-golden_legs.gif","GIF","assets/media/dark-totem/items/3364-golden_legs.gif","dark-totem/items","1440","referenciado","dark-totem-daily.html"
"3366-magic_plate_armor.gif","GIF","assets/media/dark-totem/items/3366-magic_plate_armor.gif","dark-totem/items","1684","referenciado","dark-totem-daily.html"
"3395-ceremonial_mask.gif","GIF","assets/media/dark-totem/items/3395-ceremonial_mask.gif","dark-totem/items","1318","referenciado","dark-totem-daily.html"
"3402-native_armor.gif","GIF","assets/media/dark-totem/items/3402-native_armor.gif","dark-totem/items","1634","referenciado","dark-totem-daily.html"
"34109-bag_you_desire.gif","GIF","assets/media/dark-totem/items/34109-bag_you_desire.gif","dark-totem/items","10572","referenciado","dark-totem-daily.html"
"3414-mastermind_shield.gif","GIF","assets/media/dark-totem/items/3414-mastermind_shield.gif","dark-totem/items","1495","referenciado","dark-totem-daily.html"
"3420-demon_shield.gif","GIF","assets/media/dark-totem/items/3420-demon_shield.gif","dark-totem/items","939","referenciado","dark-totem-daily.html"
"3439-phoenix_shield.gif","GIF","assets/media/dark-totem/items/3439-phoenix_shield.gif","dark-totem/items","1678","referenciado","dark-totem-daily.html"
"3553-bunnyslippers.gif","GIF","assets/media/dark-totem/items/3553-bunnyslippers.gif","dark-totem/items","1079","referenciado","dark-totem-daily.html"
"37397-wind-up_key.gif","GIF","assets/media/dark-totem/items/37397-wind-up_key.gif","dark-totem/items","271","referenciado","dark-totem-daily.html"
"37398-wind-up_loco.gif","GIF","assets/media/dark-totem/items/37398-wind-up_loco.gif","dark-totem/items","581","referenciado","dark-totem-daily.html"
"37536-changing_backpack.gif","GIF","assets/media/dark-totem/items/37536-changing_backpack.gif","dark-totem/items","4563","referenciado","dark-totem-daily.html"
"39040-fiery_tear.gif","GIF","assets/media/dark-totem/items/39040-fiery_tear.gif","dark-totem/items","4966","referenciado","dark-totem-daily.html"
"43895-bag_you_covet.gif","GIF","assets/media/dark-totem/items/43895-bag_you_covet.gif","dark-totem/items","7329","referenciado","dark-totem-daily.html"
"63200_reset_boss_stone.gif","GIF","assets/media/dark-totem/items/63200_reset_boss_stone.gif","dark-totem/items","3381","referenciado","dark-totem-daily.html"
"63621_imbuing_crystal.gif","GIF","assets/media/dark-totem/items/63621_imbuing_crystal.gif","dark-totem/items","334","referenciado","dark-totem-daily.html"
"7405-havoc_blade.gif","GIF","assets/media/dark-totem/items/7405-havoc_blade.gif","dark-totem/items","1190","referenciado","dark-totem-daily.html"
"7407-haunted_blade.gif","GIF","assets/media/dark-totem/items/7407-haunted_blade.gif","dark-totem/items","1234","referenciado","dark-totem-daily.html"
"7411-ornamented_axe.gif","GIF","assets/media/dark-totem/items/7411-ornamented_axe.gif","dark-totem/items","1161","referenciado","dark-totem-daily.html"
"7427-chaos_mace.gif","GIF","assets/media/dark-totem/items/7427-chaos_mace.gif","dark-totem/items","1281","referenciado","dark-totem-daily.html"
"7451-shadow_sceptre.gif","GIF","assets/media/dark-totem/items/7451-shadow_sceptre.gif","dark-totem/items","658","referenciado","dark-totem-daily.html"
"8098-demonwing_axe.gif","GIF","assets/media/dark-totem/items/8098-demonwing_axe.gif","dark-totem/items","1309","referenciado","dark-totem-daily.html"
"8102-emerald_sword.gif","GIF","assets/media/dark-totem/items/8102-emerald_sword.gif","dark-totem/items","1249","referenciado","dark-totem-daily.html"
"812-terra_legs.gif","GIF","assets/media/dark-totem/items/812-terra_legs.gif","dark-totem/items","1553","referenciado","dark-totem-daily.html"
"821-magma_legs.gif","GIF","assets/media/dark-totem/items/821-magma_legs.gif","dark-totem/items","2454","referenciado","dark-totem-daily.html"
"822-lightning_legs.gif","GIF","assets/media/dark-totem/items/822-lightning_legs.gif","dark-totem/items","1517","referenciado","dark-totem-daily.html"
"823-glacier_kilt.gif","GIF","assets/media/dark-totem/items/823-glacier_kilt.gif","dark-totem/items","1609","referenciado","dark-totem-daily.html"
"9057-small_topaz.gif","GIF","assets/media/dark-totem/items/9057-small_topaz.gif","dark-totem/items","561","referenciado","dark-totem-daily.html"
"acesso.png","PNG","assets/media/divergence/acesso.png","divergence","464681","referenciado","divergence-system.html"
"alavanca.png","PNG","assets/media/divergence/alavanca.png","divergence","418426","referenciado","divergence-system.html"
"craft.png","PNG","assets/media/divergence/craft.png","divergence","813461","referenciado","divergence-system.html"
"faixas.png","PNG","assets/media/divergence/faixas.png","divergence","158979","referenciado","divergence-system.html"
"seller.png","PNG","assets/media/divergence/seller.png","divergence","199852","referenciado","divergence-system.html"
"convergence-fusion.png","PNG","assets/media/exalted-forge/convergence-fusion.png","exalted-forge","174244","referenciado","exalted-forge.html"
"exalted-core.gif","GIF","assets/media/exalted-forge/exalted-core.gif","exalted-forge","8300","referenciado","category-sistemas-do-servidor.html; exalted-forge.html; index.html; assets/js/wiki.js; assets/js/search-index.js"
"fabio-rockeiro-auto-forja.png","PNG","assets/media/exalted-forge/fabio-rockeiro-auto-forja.png","exalted-forge","239553","referenciado","exalted-forge.html"
"fusao-normal.png","PNG","assets/media/exalted-forge/fusao-normal.png","exalted-forge","172099","referenciado","exalted-forge.html"
"momentum.gif","GIF","assets/media/exalted-forge/momentum.gif","exalted-forge","2732","referenciado","exalted-forge.html"
"onslaught.gif","GIF","assets/media/exalted-forge/onslaught.gif","exalted-forge","2149","referenciado","exalted-forge.html"
"portable-exaltation-forge.png","PNG","assets/media/exalted-forge/portable-exaltation-forge.png","exalted-forge","353396","referenciado","exalted-forge.html"
"ruse.gif","GIF","assets/media/exalted-forge/ruse.gif","exalted-forge","2165","referenciado","exalted-forge.html"
"torres-de-forja.png","PNG","assets/media/exalted-forge/torres-de-forja.png","exalted-forge","276748","referenciado","exalted-forge.html"
"transcendence.gif","GIF","assets/media/exalted-forge/transcendence.gif","exalted-forge","8054","referenciado","exalted-forge.html"
"hireling-enchanter.png","PNG","assets/media/hireling-enchanter/hireling-enchanter.png","hireling-enchanter","331937","referenciado","category-sistemas-do-servidor.html; hireling-enchanter.html; index.html; assets/js/wiki.js; assets/js/search-index.js"
"store-hireling-enchanter.png","PNG","assets/media/hireling-enchanter/store-hireling-enchanter.png","hireling-enchanter","1383709","referenciado","hireling-enchanter.html"
"tibia-coins.gif","GIF","assets/media/hireling-enchanter/tibia-coins.gif","hireling-enchanter","1589","referenciado","hireling-enchanter.html"
"workshop-slot-2.png","PNG","assets/media/hireling-enchanter/workshop-slot-2.png","hireling-enchanter","372147","referenciado","hireling-enchanter.html"
"workshop-slot-3.png","PNG","assets/media/hireling-enchanter/workshop-slot-3.png","hireling-enchanter","472174","referenciado","hireling-enchanter.html"
"Brain Netherbound.gif","GIF","assets/media/hunts-custom/Brain Netherbound.gif","hunts-custom","3046783","referenciado","void-corruption-depths-inner-netherbound.html"
"Corrupted Lion Beast.gif","GIF","assets/media/hunts-custom/Corrupted Lion Beast.gif","hunts-custom","3196822","referenciado","the-fallen-usurpers.html"
"Corrupted Void Brute.gif","GIF","assets/media/hunts-custom/Corrupted Void Brute.gif","hunts-custom","3532608","referenciado","void-corruption-depths-outer-void.html"
"Fallen Usurper Arche.gif","GIF","assets/media/hunts-custom/Fallen Usurper Arche.gif","hunts-custom","5652525","referenciado","the-fallen-usurpers.html"
"Fallen Usurper Commander.gif","GIF","assets/media/hunts-custom/Fallen Usurper Commander.gif","hunts-custom","4019363","referenciado","the-fallen-usurpers.html"
"Fallen Usurper Knight.gif","GIF","assets/media/hunts-custom/Fallen Usurper Knight.gif","hunts-custom","4693770","referenciado","the-fallen-usurpers.html"
"Fallen Usurper Warlock.gif","GIF","assets/media/hunts-custom/Fallen Usurper Warlock.gif","hunts-custom","3035491","referenciado","the-fallen-usurpers.html"
"Fieren.gif","GIF","assets/media/hunts-custom/Fieren.gif","hunts-custom","3094714","referenciado","sanctum-of-fire-ice.html"
"Firzen.gif","GIF","assets/media/hunts-custom/Firzen.gif","hunts-custom","3646464","referenciado","sanctum-of-fire-ice.html"
"Freezee.gif","GIF","assets/media/hunts-custom/Freezee.gif","hunts-custom","3150971","referenciado","sanctum-of-fire-ice.html"
"Netherbound Demon.gif","GIF","assets/media/hunts-custom/Netherbound Demon.gif","hunts-custom","3341982","referenciado","void-corruption-depths-inner-netherbound.html"
"Netherbound Dragon.gif","GIF","assets/media/hunts-custom/Netherbound Dragon.gif","hunts-custom","3095340","referenciado","void-corruption-depths-inner-netherbound.html"
"PYRAMID OF AZHR’KHAL (THREE ASURAS).png","PNG","assets/media/hunts-custom/PYRAMID OF AZHR’KHAL (THREE ASURAS).png","hunts-custom","2474612","referenciado","hunts-custom.html; pyramid-of-azhrkhal-three-asuras.html; assets/js/wiki.js; assets/js/search-index.js"
"SANCTUM OF FIRE & ICE.png","PNG","assets/media/hunts-custom/SANCTUM OF FIRE & ICE.png","hunts-custom","1683822","referenciado","assets/js/wiki.js; assets/js/search-index.js"
"THE FALLEN USURPERS.png","PNG","assets/media/hunts-custom/THE FALLEN USURPERS.png","hunts-custom","1460468","referenciado","hunts-custom.html; the-fallen-usurpers.html; assets/js/wiki.js; assets/js/search-index.js"
"True Blessed Asura.gif","GIF","assets/media/hunts-custom/True Blessed Asura.gif","hunts-custom","2734386","referenciado","pyramid-of-azhrkhal-three-asuras.html"
"True Cursed Asura.gif","GIF","assets/media/hunts-custom/True Cursed Asura.gif","hunts-custom","2729728","referenciado","pyramid-of-azhrkhal-three-asuras.html"
"True Enrage Asura.gif","GIF","assets/media/hunts-custom/True Enrage Asura.gif","hunts-custom","3039351","referenciado","pyramid-of-azhrkhal-three-asuras.html"
"VOID CORRUPTION DEPTHS (INNER NETHERBOUND).png","PNG","assets/media/hunts-custom/VOID CORRUPTION DEPTHS (INNER NETHERBOUND).png","hunts-custom","3578843","referenciado","hunts-custom.html; void-corruption-depths-inner-netherbound.html; assets/js/wiki.js; assets/js/search-index.js"
"VOID CORRUPTION DEPTHS (OUTER VOID).png","PNG","assets/media/hunts-custom/VOID CORRUPTION DEPTHS (OUTER VOID).png","hunts-custom","2118708","referenciado","hunts-custom.html; void-corruption-depths-outer-void.html; assets/js/wiki.js; assets/js/search-index.js"
"Void Demon Ravager.gif","GIF","assets/media/hunts-custom/Void Demon Ravager.gif","hunts-custom","3791971","referenciado","void-corruption-depths-outer-void.html"
"Void Riftcaster.gif","GIF","assets/media/hunts-custom/Void Riftcaster.gif","hunts-custom","3532762","referenciado","void-corruption-depths-outer-void.html"
"void-forge-items.png","PNG","assets/media/hunts-custom/void-forge-items.png","hunts-custom","2822739","sem referencia literal",""
"10m exp potion.gif","GIF","assets/media/icons/10m exp potion.gif","icons","4726","referenciado","monster-hunter.html"
"20m exp potion.gif","GIF","assets/media/icons/20m exp potion.gif","icons","2587","referenciado","monster-hunter.html"
"20x prey.gif","GIF","assets/media/icons/20x prey.gif","icons","2455","sem referencia literal",""
"30m_exppotion.gif","GIF","assets/media/icons/30m_exppotion.gif","icons","3724","referenciado","monster-hunter.html"
"Boss Reseter.gif","GIF","assets/media/icons/Boss Reseter.gif","icons","3381","referenciado","monster-hunter.html"
"Doubletaskkill.gif","GIF","assets/media/icons/Doubletaskkill.gif","icons","9046","referenciado","monster-hunter.html"
"Tibia_Coins.gif","GIF","assets/media/icons/Tibia_Coins.gif","icons","1589","sem referencia literal",""
"amplfire.gif","GIF","assets/media/icons/amplfire.gif","icons","447","referenciado","tasks-system.html"
"amplice.gif","GIF","assets/media/icons/amplice.gif","icons","449","referenciado","tasks-system.html"
"amplideath.gif","GIF","assets/media/icons/amplideath.gif","icons","82961","referenciado","tasks-system.html"
"blood_expert_backpack.gif","GIF","assets/media/icons/blood_expert_backpack.gif","icons","6546","sem referencia literal",""
"Reflect potion upgrade.gif","GIF","assets/media/icons/character-upgrades/Reflect potion upgrade.gif","icons/character-upgrades","3679","referenciado","monster-hunter.html"
"divergencedeath.png","PNG","assets/media/icons/divergence-system/divergencedeath.png","icons/divergence-system","3286998","sem referencia literal",""
"divergenceearth.png","PNG","assets/media/icons/divergence-system/divergenceearth.png","icons/divergence-system","2076412","sem referencia literal",""
"divergenceenergy.png","PNG","assets/media/icons/divergence-system/divergenceenergy.png","icons/divergence-system","1822746","sem referencia literal",""
"divergencefire.png","PNG","assets/media/icons/divergence-system/divergencefire.png","icons/divergence-system","1672031","sem referencia literal",""
"divergenceholy.png","PNG","assets/media/icons/divergence-system/divergenceholy.png","icons/divergence-system","1899052","sem referencia literal",""
"divergenceice.png","PNG","assets/media/icons/divergence-system/divergenceice.png","icons/divergence-system","1828932","sem referencia literal",""
"dromecube.gif","GIF","assets/media/icons/dromecube.gif","icons","683","referenciado","dark-totem-daily.html; divergence-system.html"
"exercise elixir 1h.gif","GIF","assets/media/icons/exercise elixir 1h.gif","icons","10506","referenciado","monster-hunter.html"
"faster_enhanced tabble.gif","GIF","assets/media/icons/faster_enhanced tabble.gif","icons","7665","referenciado","monster-hunter.html"
"greater gem box.gif","GIF","assets/media/icons/greater gem box.gif","icons","7268","referenciado","monster-hunter.html"
"huntscustom.gif","GIF","assets/media/icons/huntscustom.gif","icons","73126554","sem referencia literal",""
"imbuing_stone.gif","GIF","assets/media/icons/imbuing_stone.gif","icons","334","sem referencia literal",""
"legendaryaxe.gif","GIF","assets/media/icons/legendaryaxe.gif","icons","2549","sem referencia literal",""
"legendarybow.gif","GIF","assets/media/icons/legendarybow.gif","icons","1625","sem referencia literal",""
"legendaryfist.gif","GIF","assets/media/icons/legendaryfist.gif","icons","1673","sem referencia literal",""
"legendaryrod.gif","GIF","assets/media/icons/legendaryrod.gif","icons","1772","sem referencia literal",""
"legendaryshield.gif","GIF","assets/media/icons/legendaryshield.gif","icons","1937","sem referencia literal",""
"luckybag.gif","GIF","assets/media/icons/luckybag.gif","icons","7786","sem referencia literal",""
"mistery legendary exercise.gif","GIF","assets/media/icons/mistery legendary exercise.gif","icons","1799","sem referencia literal",""
"more points wheel.gif","GIF","assets/media/icons/more points wheel.gif","icons","6332","sem referencia literal",""
"mountbox.gif","GIF","assets/media/icons/mountbox.gif","icons","19792","sem referencia literal",""
"mysterious_bag.gif","GIF","assets/media/icons/mysterious_bag.gif","icons","11081","referenciado","monster-hunter.html"
"outfit_item.gif","GIF","assets/media/icons/outfit_item.gif","icons","1548","sem referencia literal",""
"outfitbox.gif","GIF","assets/media/icons/outfitbox.gif","icons","42188","sem referencia literal",""
"primalbag.gif","GIF","assets/media/icons/primalbag.gif","icons","3338","referenciado","dark-totem-daily.html"
"resdeath.gif","GIF","assets/media/icons/resdeath.gif","icons","483","referenciado","tasks-system.html"
"resfire.gif","GIF","assets/media/icons/resfire.gif","icons","483","referenciado","tasks-system.html"
"resice.gif","GIF","assets/media/icons/resice.gif","icons","486","referenciado","tasks-system.html"
"resphysical.gif","GIF","assets/media/icons/resphysical.gif","icons","65094","referenciado","tasks-system.html"
"roullete token.gif","GIF","assets/media/icons/roullete token.gif","icons","6275","sem referencia literal",""
"precious gold bar.gif","GIF","assets/media/icons/sistema-de-craft/precious gold bar.gif","icons/sistema-de-craft","5377","referenciado","monster-hunter.html"
"precious metal bar.gif","GIF","assets/media/icons/sistema-de-craft/precious metal bar.gif","icons/sistema-de-craft","5763","referenciado","monster-hunter.html"
"soulcore bag.gif","GIF","assets/media/icons/soulcore bag.gif","icons","4907","referenciado","monster-hunter.html"
"stone_bag_1.gif","GIF","assets/media/icons/stone_bag_1.gif","icons","2804","sem referencia literal",""
"stonedeaht.gif","GIF","assets/media/icons/stonedeaht.gif","icons","3504","sem referencia literal",""
"stoneearth.gif","GIF","assets/media/icons/stoneearth.gif","icons","2986","sem referencia literal",""
"stoneenergy.gif","GIF","assets/media/icons/stoneenergy.gif","icons","4546","sem referencia literal",""
"stonefire.gif","GIF","assets/media/icons/stonefire.gif","icons","3230","sem referencia literal",""
"stoneholylvl.gif","GIF","assets/media/icons/stoneholylvl.gif","icons","3239","sem referencia literal",""
"stonephysical.gif","GIF","assets/media/icons/stonephysical.gif","icons","2800","sem referencia literal",""
"stone_bag_1.gif","GIF","assets/media/icons/stones-guia-completo/stone_bag_1.gif","icons/stones-guia-completo","2804","referenciado","dark-totem-daily.html; divergence-system.html; monster-hunter.html; stones-guia-completo.html"
"stone_bag_2.gif","GIF","assets/media/icons/stones-guia-completo/stone_bag_2.gif","icons/stones-guia-completo","7550","referenciado","divergence-system.html; monster-hunter.html; stones-guia-completo.html"
"stone_bag_3.gif","GIF","assets/media/icons/stones-guia-completo/stone_bag_3.gif","icons/stones-guia-completo","7609","referenciado","monster-hunter.html; stones-guia-completo.html"
"stonedeaht.gif","GIF","assets/media/icons/stones-guia-completo/stonedeaht.gif","icons/stones-guia-completo","3504","referenciado","stones-guia-completo.html"
"stoneearth.gif","GIF","assets/media/icons/stones-guia-completo/stoneearth.gif","icons/stones-guia-completo","2986","referenciado","stones-guia-completo.html"
"stoneenergy.gif","GIF","assets/media/icons/stones-guia-completo/stoneenergy.gif","icons/stones-guia-completo","4546","referenciado","stones-guia-completo.html"
"stonefire.gif","GIF","assets/media/icons/stones-guia-completo/stonefire.gif","icons/stones-guia-completo","3230","referenciado","stones-guia-completo.html"
"stoneholylvl.gif","GIF","assets/media/icons/stones-guia-completo/stoneholylvl.gif","icons/stones-guia-completo","3239","referenciado","stones-guia-completo.html"
"stoneice.gif","GIF","assets/media/icons/stones-guia-completo/stoneice.gif","icons/stones-guia-completo","4999","referenciado","stones-guia-completo.html"
"stonephysical.gif","GIF","assets/media/icons/stones-guia-completo/stonephysical.gif","icons/stones-guia-completo","2800","referenciado","stones-guia-completo.html"
"wealth_duplex.gif","GIF","assets/media/icons/wealth_duplex.gif","icons","389","sem referencia literal",""
"wise_backpack.gif","GIF","assets/media/icons/wise_backpack.gif","icons","5901","sem referencia literal",""
"wise_doll.gif","GIF","assets/media/icons/wise_doll.gif","icons","15215","sem referencia literal",""
"wz chest.gif","GIF","assets/media/icons/wz chest.gif","icons","13513","referenciado","monster-hunter.html"
"Reflect potion upgrade.gif","GIF","assets/media/items-wiki/Character Upgrade items/Reflect potion upgrade.gif","items-wiki/Character Upgrade items","3679","referenciado","character-upgrades.html"
"exorigran badge.gif","GIF","assets/media/items-wiki/Character Upgrade items/exorigran badge.gif","items-wiki/Character Upgrade items","14020","sem referencia literal",""
"fatal special potion.gif","GIF","assets/media/items-wiki/Character Upgrade items/fatal special potion.gif","items-wiki/Character Upgrade items","4077","referenciado","character-upgrades.html"
"mas frigo badge.gif","GIF","assets/media/items-wiki/Character Upgrade items/mas frigo badge.gif","items-wiki/Character Upgrade items","14071","referenciado","spell-badge-upgrade.html"
"mas pug badge.gif","GIF","assets/media/items-wiki/Character Upgrade items/mas pug badge.gif","items-wiki/Character Upgrade items","6580","sem referencia literal",""
"mas san badge.gif","GIF","assets/media/items-wiki/Character Upgrade items/mas san badge.gif","items-wiki/Character Upgrade items","14052","sem referencia literal",""
"momentum special potion.gif","GIF","assets/media/items-wiki/Character Upgrade items/momentum special potion.gif","items-wiki/Character Upgrade items","4095","referenciado","character-upgrades.html"
"mysterious badge.gif","GIF","assets/media/items-wiki/Character Upgrade items/mysterious badge.gif","items-wiki/Character Upgrade items","2766","sem referencia literal",""
"ruse special potion.gif","GIF","assets/media/items-wiki/Character Upgrade items/ruse special potion.gif","items-wiki/Character Upgrade items","4087","referenciado","character-upgrades.html"
"transcendencespecial potion.gif.gif","GIF","assets/media/items-wiki/Character Upgrade items/transcendencespecial potion.gif.gif","items-wiki/Character Upgrade items","4080","referenciado","character-upgrades.html"
"upgrade potions.gif","GIF","assets/media/items-wiki/Character Upgrade items/upgrade potions.gif","items-wiki/Character Upgrade items","7288","referenciado","character-upgrades.html"
"vis hur badge.gif","GIF","assets/media/items-wiki/Character Upgrade items/vis hur badge.gif","items-wiki/Character Upgrade items","14015","sem referencia literal",""
"Rodsbox.gif","GIF","assets/media/items-wiki/Chests/Rodsbox.gif","items-wiki/Chests","21636","sem referencia literal",""
"addon box.gif","GIF","assets/media/items-wiki/Chests/addon box.gif","items-wiki/Chests","42188","referenciado","tasks-system.html"
"amulet box.gif","GIF","assets/media/items-wiki/Chests/amulet box.gif","items-wiki/Chests","8052","sem referencia literal",""
"axes box.gif","GIF","assets/media/items-wiki/Chests/axes box.gif","items-wiki/Chests","19915","sem referencia literal",""
"Brainstealer.gif","GIF","assets/media/items-wiki/Chests/boss chest/Brainstealer.gif","items-wiki/Chests/boss chest","17949","sem referencia literal",""
"amber.gif","GIF","assets/media/items-wiki/Chests/boss chest/amber.gif","items-wiki/Chests/boss chest","7170","sem referencia literal",""
"arbaziloth.gif","GIF","assets/media/items-wiki/Chests/boss chest/arbaziloth.gif","items-wiki/Chests/boss chest","13709","sem referencia literal",""
"drume.gif","GIF","assets/media/items-wiki/Chests/boss chest/drume.gif","items-wiki/Chests/boss chest","6521","sem referencia literal",""
"gaz'haragoth.gif","GIF","assets/media/items-wiki/Chests/boss chest/gaz'haragoth.gif","items-wiki/Chests/boss chest","4606","sem referencia literal",""
"king zelos.gif","GIF","assets/media/items-wiki/Chests/boss chest/king zelos.gif","items-wiki/Chests/boss chest","13580","sem referencia literal",""
"mithmah.gif","GIF","assets/media/items-wiki/Chests/boss chest/mithmah.gif","items-wiki/Chests/boss chest","4744","sem referencia literal",""
"monster box.gif","GIF","assets/media/items-wiki/Chests/boss chest/monster box.gif","items-wiki/Chests/boss chest","5920","sem referencia literal",""
"nightmare .gif","GIF","assets/media/items-wiki/Chests/boss chest/nightmare .gif","items-wiki/Chests/boss chest","4517","sem referencia literal",""
"oberon.gif","GIF","assets/media/items-wiki/Chests/boss chest/oberon.gif","items-wiki/Chests/boss chest","23036","sem referencia literal",""
"plunder.gif","GIF","assets/media/items-wiki/Chests/boss chest/plunder.gif","items-wiki/Chests/boss chest","8445","sem referencia literal",""
"ratmiral.gif","GIF","assets/media/items-wiki/Chests/boss chest/ratmiral.gif","items-wiki/Chests/boss chest","15401","sem referencia literal",""
"sanguine chest.gif","GIF","assets/media/items-wiki/Chests/boss chest/sanguine chest.gif","items-wiki/Chests/boss chest","6658","sem referencia literal",""
"scarlet.gif","GIF","assets/media/items-wiki/Chests/boss chest/scarlet.gif","items-wiki/Chests/boss chest","12203","sem referencia literal",""
"soulwar box.gif","GIF","assets/media/items-wiki/Chests/boss chest/soulwar box.gif","items-wiki/Chests/boss chest","9882","sem referencia literal",""
"sugar.gif","GIF","assets/media/items-wiki/Chests/boss chest/sugar.gif","items-wiki/Chests/boss chest","8480","sem referencia literal",""
"timira.gif","GIF","assets/media/items-wiki/Chests/boss chest/timira.gif","items-wiki/Chests/boss chest","11674","sem referencia literal",""
"bows box.gif","GIF","assets/media/items-wiki/Chests/bows box.gif","items-wiki/Chests","20430","sem referencia literal",""
"claws box.gif","GIF","assets/media/items-wiki/Chests/claws box.gif","items-wiki/Chests","18926","sem referencia literal",""
"crossbows box.gif","GIF","assets/media/items-wiki/Chests/crossbows box.gif","items-wiki/Chests","21199","sem referencia literal",""
"druidbox.gif","GIF","assets/media/items-wiki/Chests/druidbox.gif","items-wiki/Chests","24669","sem referencia literal",""
"greater gem box.gif","GIF","assets/media/items-wiki/Chests/greater gem box.gif","items-wiki/Chests","7268","sem referencia literal",""
"knightbox.gif","GIF","assets/media/items-wiki/Chests/knightbox.gif","items-wiki/Chests","18238","sem referencia literal",""
"maces box.gif","GIF","assets/media/items-wiki/Chests/maces box.gif","items-wiki/Chests","19493","sem referencia literal",""
"monkbox.gif","GIF","assets/media/items-wiki/Chests/monkbox.gif","items-wiki/Chests","12935","sem referencia literal",""
"mountbox.gif","GIF","assets/media/items-wiki/Chests/mountbox.gif","items-wiki/Chests","19792","referenciado","tasks-system.html"
"paladin box.gif","GIF","assets/media/items-wiki/Chests/paladin box.gif","items-wiki/Chests","18232","sem referencia literal",""
"ring chest.gif","GIF","assets/media/items-wiki/Chests/ring chest.gif","items-wiki/Chests","4825","sem referencia literal",""
"sorcerer box.gif","GIF","assets/media/items-wiki/Chests/sorcerer box.gif","items-wiki/Chests","19127","sem referencia literal",""
"soulcore bag.gif","GIF","assets/media/items-wiki/Chests/soulcore bag.gif","items-wiki/Chests","4907","sem referencia literal",""
"swords box.gif","GIF","assets/media/items-wiki/Chests/swords box.gif","items-wiki/Chests","19835","sem referencia literal",""
"wands box.gif","GIF","assets/media/items-wiki/Chests/wands box.gif","items-wiki/Chests","19454","sem referencia literal",""
"wz chest.gif","GIF","assets/media/items-wiki/Chests/wz chest.gif","items-wiki/Chests","13513","sem referencia literal",""
"10m exp potion.gif","GIF","assets/media/items-wiki/Consumables/10m exp potion.gif","items-wiki/Consumables","4726","sem referencia literal",""
"10x prey cards.gif","GIF","assets/media/items-wiki/Consumables/10x prey cards.gif","items-wiki/Consumables","2445","referenciado","divergence-system.html; tasks-system.html"
"20m exp potion.gif","GIF","assets/media/items-wiki/Consumables/20m exp potion.gif","items-wiki/Consumables","2587","sem referencia literal",""
"20x prey cards.gif","GIF","assets/media/items-wiki/Consumables/20x prey cards.gif","items-wiki/Consumables","2455","sem referencia literal",""
"30m exp potion.gif","GIF","assets/media/items-wiki/Consumables/30m exp potion.gif","items-wiki/Consumables","3724","sem referencia literal",""
"3x prey cards.gif","GIF","assets/media/items-wiki/Consumables/3x prey cards.gif","items-wiki/Consumables","326","referenciado","divergence-system.html"
"5x prey cards.gif","GIF","assets/media/items-wiki/Consumables/5x prey cards.gif","items-wiki/Consumables","2412","referenciado","divergence-system.html; tasks-system.html"
"Boss Reseter.gif","GIF","assets/media/items-wiki/Consumables/Boss Reseter.gif","items-wiki/Consumables","3381","sem referencia literal",""
"Doubletaskkill.gif","GIF","assets/media/items-wiki/Consumables/Doubletaskkill.gif","items-wiki/Consumables","9046","referenciado","sistema-de-craft.html"
"Rune charm.gif","GIF","assets/media/items-wiki/Consumables/Rune charm.gif","items-wiki/Consumables","432","sem referencia literal",""
"Taskrenewer.gif","GIF","assets/media/items-wiki/Consumables/Taskrenewer.gif","items-wiki/Consumables","10240","referenciado","sistema-de-craft.html"
"blessscroll.gif","GIF","assets/media/items-wiki/Consumables/blessscroll.gif","items-wiki/Consumables","493","sem referencia literal",""
"death restore book.gif","GIF","assets/media/items-wiki/Consumables/death restore book.gif","items-wiki/Consumables","10744","sem referencia literal",""
"durable exercise.gif","GIF","assets/media/items-wiki/Consumables/durable exercise.gif","items-wiki/Consumables","1868","sem referencia literal",""
"dust bottle refiller.gif","GIF","assets/media/items-wiki/Consumables/dust bottle refiller.gif","items-wiki/Consumables","4701","referenciado","sistema-de-craft.html"
"epic promotion scroll +38p.gif","GIF","assets/media/items-wiki/Consumables/epic promotion scroll +38p.gif","items-wiki/Consumables","4990","sem referencia literal",""
"exerciseboost.gif","GIF","assets/media/items-wiki/Consumables/exerciseboost.gif","items-wiki/Consumables","10506","sem referencia literal",""
"imbuing crystal.gif","GIF","assets/media/items-wiki/Consumables/imbuing crystal.gif","items-wiki/Consumables","334","sem referencia literal",""
"lasting exercise.gif","GIF","assets/media/items-wiki/Consumables/lasting exercise.gif","items-wiki/Consumables","1890","sem referencia literal",""
"legendary exercise.gif","GIF","assets/media/items-wiki/Consumables/legendary exercise.gif","items-wiki/Consumables","1799","sem referencia literal",""
"legendary promotion scroll +45.gif","GIF","assets/media/items-wiki/Consumables/legendary promotion scroll +45.gif","items-wiki/Consumables","11328","sem referencia literal",""
"more points wheel.gif","GIF","assets/media/items-wiki/Consumables/more points wheel.gif","items-wiki/Consumables","6332","referenciado","category-sistemas-do-servidor.html; divergence-system.html; index.html; monster-hunter.html; tasks-system.html; assets/js/wiki.js; assets/js/search-index.js"
"mysterious bag.gif","GIF","assets/media/items-wiki/Consumables/mysterious bag.gif","items-wiki/Consumables","11081","referenciado","tasks-system.html"
"mystic exercise.gif","GIF","assets/media/items-wiki/Consumables/mystic exercise.gif","items-wiki/Consumables","1799","sem referencia literal",""
"powerfull amplification.gif","GIF","assets/media/items-wiki/Consumables/powerfull amplification.gif","items-wiki/Consumables","82961","sem referencia literal",""
"powerfull resilience.gif","GIF","assets/media/items-wiki/Consumables/powerfull resilience.gif","items-wiki/Consumables","65094","sem referencia literal",""
"rare promotion scroll30+.gif","GIF","assets/media/items-wiki/Consumables/rare promotion scroll30+.gif","items-wiki/Consumables","4858","sem referencia literal",""
"removered.gif","GIF","assets/media/items-wiki/Consumables/removered.gif","items-wiki/Consumables","516","referenciado","portables.html"
"stamina bottler.gif","GIF","assets/media/items-wiki/Consumables/stamina bottler.gif","items-wiki/Consumables","6571","referenciado","tasks-system.html"
"tier transfer.gif","GIF","assets/media/items-wiki/Consumables/tier transfer.gif","items-wiki/Consumables","34521","referenciado","sistema-de-craft.html"
"void upgrade.gif","GIF","assets/media/items-wiki/Consumables/void upgrade.gif","items-wiki/Consumables","3203","referenciado","sistema-de-craft.html"
"Crystal_Coin.gif","GIF","assets/media/items-wiki/Craft/Crystal_Coin.gif","items-wiki/Craft","2866","referenciado","dark-totem-daily.html; assets/js/wiki.js"
"Darklight_Heart.gif","GIF","assets/media/items-wiki/Craft/Darklight_Heart.gif","items-wiki/Craft","286","referenciado","assets/js/wiki.js"
"Gold_Token.gif","GIF","assets/media/items-wiki/Craft/Gold_Token.gif","items-wiki/Craft","280","referenciado","assets/js/wiki.js"
"Major_Crystalline_Token.gif","GIF","assets/media/items-wiki/Craft/Major_Crystalline_Token.gif","items-wiki/Craft","1630","referenciado","assets/js/wiki.js"
"Mystic hammer.gif","GIF","assets/media/items-wiki/Craft/Mystic hammer.gif","items-wiki/Craft","1837","referenciado","sistema-de-craft.html; stones-guia-completo.html"
"Silver_Token.gif","GIF","assets/media/items-wiki/Craft/Silver_Token.gif","items-wiki/Craft","277","referenciado","assets/js/wiki.js"
"Tainted_Heart.gif","GIF","assets/media/items-wiki/Craft/Tainted_Heart.gif","items-wiki/Craft","356","referenciado","assets/js/wiki.js"
"burningfrost pendulet.gif","GIF","assets/media/items-wiki/Craft/burningfrost pendulet.gif","items-wiki/Craft","13589","referenciado","divergence-system.html; sistema-de-craft.html; assets/js/wiki.js"
"burningfrost sigil.gif","GIF","assets/media/items-wiki/Craft/burningfrost sigil.gif","items-wiki/Craft","8704","referenciado","sistema-de-craft.html; assets/js/wiki.js"
"chalice of lords.gif","GIF","assets/media/items-wiki/Craft/chalice of lords.gif","items-wiki/Craft","22851","sem referencia literal",""
"deathchalice.gif.gif","GIF","assets/media/items-wiki/Craft/deathchalice.gif.gif","items-wiki/Craft","7481","referenciado","assets/js/wiki.js"
"defamulet3.gif","GIF","assets/media/items-wiki/Craft/defamulet3.gif","items-wiki/Craft","5810","referenciado","assets/js/wiki.js"
"defamulet4.gif","GIF","assets/media/items-wiki/Craft/defamulet4.gif","items-wiki/Craft","5129","referenciado","assets/js/wiki.js"
"defamulet5.gif","GIF","assets/media/items-wiki/Craft/defamulet5.gif","items-wiki/Craft","5212","referenciado","assets/js/wiki.js"
"defamuletdeath.gif","GIF","assets/media/items-wiki/Craft/defamuletdeath.gif","items-wiki/Craft","4962","referenciado","assets/js/wiki.js"
"defamuletearth.gif","GIF","assets/media/items-wiki/Craft/defamuletearth.gif","items-wiki/Craft","4886","referenciado","assets/js/wiki.js"
"defamuletice.gif","GIF","assets/media/items-wiki/Craft/defamuletice.gif","items-wiki/Craft","4018","referenciado","assets/js/wiki.js"
"defring1.gif","GIF","assets/media/items-wiki/Craft/defring1.gif","items-wiki/Craft","5230","referenciado","assets/js/wiki.js"
"defring2.gif","GIF","assets/media/items-wiki/Craft/defring2.gif","items-wiki/Craft","5550","referenciado","assets/js/wiki.js"
"defring3.gif","GIF","assets/media/items-wiki/Craft/defring3.gif","items-wiki/Craft","5094","referenciado","assets/js/wiki.js"
"defring4.gif","GIF","assets/media/items-wiki/Craft/defring4.gif","items-wiki/Craft","4978","referenciado","assets/js/wiki.js"
"defring5.gif","GIF","assets/media/items-wiki/Craft/defring5.gif","items-wiki/Craft","7196","referenciado","assets/js/wiki.js"
"defring6.gif","GIF","assets/media/items-wiki/Craft/defring6.gif","items-wiki/Craft","4981","referenciado","assets/js/wiki.js"
"earthchalice.gif","GIF","assets/media/items-wiki/Craft/earthchalice.gif","items-wiki/Craft","7434","referenciado","assets/js/wiki.js"
"elemental_core.gif","GIF","assets/media/items-wiki/Craft/elemental_core.gif","items-wiki/Craft","2170","referenciado","sistema-de-craft.html; stones-guia-completo.html; assets/js/wiki.js"
"energy chalice.gif","GIF","assets/media/items-wiki/Craft/energy chalice.gif","items-wiki/Craft","6890","referenciado","assets/js/wiki.js"
"expert wz token.gif","GIF","assets/media/items-wiki/Craft/expert wz token.gif","items-wiki/Craft","4066","referenciado","assets/js/wiki.js"
"firechalice.gif","GIF","assets/media/items-wiki/Craft/firechalice.gif","items-wiki/Craft","6857","referenciado","assets/js/wiki.js"
"holychalice.gif","GIF","assets/media/items-wiki/Craft/holychalice.gif","items-wiki/Craft","7398","referenciado","assets/js/wiki.js"
"icechalice.gif","GIF","assets/media/items-wiki/Craft/icechalice.gif","items-wiki/Craft","7933","referenciado","assets/js/wiki.js"
"physicalchalice.gif","GIF","assets/media/items-wiki/Craft/physicalchalice.gif","items-wiki/Craft","6844","referenciado","assets/js/wiki.js"
"poisonstorm pendulet.gif","GIF","assets/media/items-wiki/Craft/poisonstorm pendulet.gif","items-wiki/Craft","16464","referenciado","sistema-de-craft.html; assets/js/wiki.js"
"poisonstorm sigil.gif","GIF","assets/media/items-wiki/Craft/poisonstorm sigil.gif","items-wiki/Craft","11292","referenciado","sistema-de-craft.html; assets/js/wiki.js"
"precious gold bar.gif","GIF","assets/media/items-wiki/Craft/precious gold bar.gif","items-wiki/Craft","5377","referenciado","sistema-de-craft.html; stones-guia-completo.html; assets/js/wiki.js"
"precious metal bar.gif","GIF","assets/media/items-wiki/Craft/precious metal bar.gif","items-wiki/Craft","5763","referenciado","sistema-de-craft.html; stones-guia-completo.html; assets/js/wiki.js"
"saintdying pendulet.gif","GIF","assets/media/items-wiki/Craft/saintdying pendulet.gif","items-wiki/Craft","16182","referenciado","sistema-de-craft.html; assets/js/wiki.js"
"saintdying sigil.gif","GIF","assets/media/items-wiki/Craft/saintdying sigil.gif","items-wiki/Craft","8916","referenciado","sistema-de-craft.html; assets/js/wiki.js"
"sanguine upgrade.gif","GIF","assets/media/items-wiki/Craft/sanguine upgrade.gif","items-wiki/Craft","5196","referenciado","sistema-de-craft.html; assets/js/wiki.js"
"the essence of Chagorz.gif","GIF","assets/media/items-wiki/Craft/the essence of Chagorz.gif","items-wiki/Craft","590","referenciado","assets/js/wiki.js"
"the essence of Ichgahal.gif","GIF","assets/media/items-wiki/Craft/the essence of Ichgahal.gif","items-wiki/Craft","526","referenciado","assets/js/wiki.js"
"the essence of Murcion.gif","GIF","assets/media/items-wiki/Craft/the essence of Murcion.gif","items-wiki/Craft","505","referenciado","assets/js/wiki.js"
"the essence of Vemiath.gif","GIF","assets/media/items-wiki/Craft/the essence of Vemiath.gif","items-wiki/Craft","556","referenciado","assets/js/wiki.js"
"upgrade stone lvl 1.gif","GIF","assets/media/items-wiki/Craft/upgrade stone lvl 1.gif","items-wiki/Craft","3620","referenciado","category-sistemas-do-servidor.html; index.html; sistema-de-craft.html; tasks-system.html; upgrade-stones.html; assets/js/wiki.js; assets/js/search-index.js"
"upgrade stone lvl 2.gif","GIF","assets/media/items-wiki/Craft/upgrade stone lvl 2.gif","items-wiki/Craft","7742","referenciado","sistema-de-craft.html; tasks-system.html; upgrade-stones.html; assets/js/wiki.js"
"upgrade stone lvl 3.gif","GIF","assets/media/items-wiki/Craft/upgrade stone lvl 3.gif","items-wiki/Craft","3977","referenciado","sistema-de-craft.html; upgrade-stones.html; assets/js/wiki.js"
"upgrade stone lvl 4.gif","GIF","assets/media/items-wiki/Craft/upgrade stone lvl 4.gif","items-wiki/Craft","3007","referenciado","sistema-de-craft.html; upgrade-stones.html; assets/js/wiki.js"
"Online Token.gif","GIF","assets/media/items-wiki/Others/Online Token.gif","items-wiki/Others","2472","sem referencia literal",""
"addon cloth.gif","GIF","assets/media/items-wiki/Others/addon cloth.gif","items-wiki/Others","14946","sem referencia literal",""
"boss token.gif","GIF","assets/media/items-wiki/Others/boss token.gif","items-wiki/Others","14579","referenciado","dark-totem-daily.html; assets/js/wiki.js"
"divergence token.gif","GIF","assets/media/items-wiki/Others/divergence token.gif","items-wiki/Others","2396","referenciado","divergence-system.html; assets/js/wiki.js"
"mount tokne.gif","GIF","assets/media/items-wiki/Others/mount tokne.gif","items-wiki/Others","16067","sem referencia literal",""
"reliquary system.png","PNG","assets/media/items-wiki/Others/reliquary system.png","items-wiki/Others","919104","referenciado","reliquary-system.html"
"roullete.gif","GIF","assets/media/items-wiki/Others/roullete.gif","items-wiki/Others","6275","sem referencia literal",""
"task token.gif","GIF","assets/media/items-wiki/Others/task token.gif","items-wiki/Others","3970","referenciado","assets/js/wiki.js"
"tool Upgrade remover.gif","GIF","assets/media/items-wiki/Others/tool Upgrade remover.gif","items-wiki/Others","4563","sem referencia literal",""
"transfer plate upgrade+1.gif","GIF","assets/media/items-wiki/Others/transfer plate upgrade+1.gif","items-wiki/Others","4389","sem referencia literal",""
"transfer plate upgrade+12.gif","GIF","assets/media/items-wiki/Others/transfer plate upgrade+12.gif","items-wiki/Others","4391","sem referencia literal",""
"transfer plate upgrade+6.gif","GIF","assets/media/items-wiki/Others/transfer plate upgrade+6.gif","items-wiki/Others","4390","sem referencia literal",""
"Bag stone (nivel 3).gif","GIF","assets/media/items-wiki/Rarity System + Stone system/Bag stone (nivel 3).gif","items-wiki/Rarity System + Stone system","7609","sem referencia literal",""
"Legendary_Gem_Rarity.gif","GIF","assets/media/items-wiki/Rarity System + Stone system/Legendary_Gem_Rarity.gif","items-wiki/Rarity System + Stone system","6151","sem referencia literal",""
"death stone lvl1.gif","GIF","assets/media/items-wiki/Rarity System + Stone system/Stones elementais/death stone lvl1.gif","items-wiki/Rarity System + Stone system/Stones elementais","3504","sem referencia literal",""
"death stone lvl10.gif.gif","GIF","assets/media/items-wiki/Rarity System + Stone system/Stones elementais/death stone lvl10.gif.gif","items-wiki/Rarity System + Stone system/Stones elementais","3564","sem referencia literal",""
"earth stone lvl 1.gif","GIF","assets/media/items-wiki/Rarity System + Stone system/Stones elementais/earth stone lvl 1.gif","items-wiki/Rarity System + Stone system/Stones elementais","2986","sem referencia literal",""
"earth stone lvl 10.gif.gif","GIF","assets/media/items-wiki/Rarity System + Stone system/Stones elementais/earth stone lvl 10.gif.gif","items-wiki/Rarity System + Stone system/Stones elementais","2982","sem referencia literal",""
"energy stone lvl1.gif","GIF","assets/media/items-wiki/Rarity System + Stone system/Stones elementais/energy stone lvl1.gif","items-wiki/Rarity System + Stone system/Stones elementais","4546","sem referencia literal",""
"energy stone lvl10.gif","GIF","assets/media/items-wiki/Rarity System + Stone system/Stones elementais/energy stone lvl10.gif","items-wiki/Rarity System + Stone system/Stones elementais","4624","sem referencia literal",""
"fire stone lvl 1.gif","GIF","assets/media/items-wiki/Rarity System + Stone system/Stones elementais/fire stone lvl 1.gif","items-wiki/Rarity System + Stone system/Stones elementais","3230","sem referencia literal",""
"fire stone lvl 10.gif","GIF","assets/media/items-wiki/Rarity System + Stone system/Stones elementais/fire stone lvl 10.gif","items-wiki/Rarity System + Stone system/Stones elementais","3320","sem referencia literal",""
"holy stone lvl 1.gif","GIF","assets/media/items-wiki/Rarity System + Stone system/Stones elementais/holy stone lvl 1.gif","items-wiki/Rarity System + Stone system/Stones elementais","3239","sem referencia literal",""
"holy stone lvl 10.gif.gif","GIF","assets/media/items-wiki/Rarity System + Stone system/Stones elementais/holy stone lvl 10.gif.gif","items-wiki/Rarity System + Stone system/Stones elementais","3288","sem referencia literal",""
"ice stone lvl 1.gif","GIF","assets/media/items-wiki/Rarity System + Stone system/Stones elementais/ice stone lvl 1.gif","items-wiki/Rarity System + Stone system/Stones elementais","4999","sem referencia literal",""
"ice stone lvl 10.gif","GIF","assets/media/items-wiki/Rarity System + Stone system/Stones elementais/ice stone lvl 10.gif","items-wiki/Rarity System + Stone system/Stones elementais","5229","sem referencia literal",""
"physical stone lvl 1.gif","GIF","assets/media/items-wiki/Rarity System + Stone system/Stones elementais/physical stone lvl 1.gif","items-wiki/Rarity System + Stone system/Stones elementais","2800","sem referencia literal",""
"physical stone lvl 10.gif","GIF","assets/media/items-wiki/Rarity System + Stone system/Stones elementais/physical stone lvl 10.gif","items-wiki/Rarity System + Stone system/Stones elementais","2940","sem referencia literal",""
"Tool_rarity_remove.gif","GIF","assets/media/items-wiki/Rarity System + Stone system/Tool_rarity_remove.gif","items-wiki/Rarity System + Stone system","10549","referenciado","stones-guia-completo.html"
"bag stone (nivel 1).gif","GIF","assets/media/items-wiki/Rarity System + Stone system/bag stone (nivel 1).gif","items-wiki/Rarity System + Stone system","7797","sem referencia literal",""
"bag stone (nivel 2).gif","GIF","assets/media/items-wiki/Rarity System + Stone system/bag stone (nivel 2).gif","items-wiki/Rarity System + Stone system","7550","sem referencia literal",""
"common gem rarity.gif","GIF","assets/media/items-wiki/Rarity System + Stone system/common gem rarity.gif","items-wiki/Rarity System + Stone system","5527","sem referencia literal",""
"mistery elemental stone.gif","GIF","assets/media/items-wiki/Rarity System + Stone system/mistery elemental stone.gif","items-wiki/Rarity System + Stone system","7652","sem referencia literal",""
"mystic gem rarity.gif","GIF","assets/media/items-wiki/Rarity System + Stone system/mystic gem rarity.gif","items-wiki/Rarity System + Stone system","6526","sem referencia literal",""
"rare gem rarity.gif","GIF","assets/media/items-wiki/Rarity System + Stone system/rare gem rarity.gif","items-wiki/Rarity System + Stone system","5878","sem referencia literal",""
"tool revelation luck potion.gif","GIF","assets/media/items-wiki/Rarity System + Stone system/tool revelation luck potion.gif","items-wiki/Rarity System + Stone system","4307","sem referencia literal",""
"tool_identification_potion.gif","GIF","assets/media/items-wiki/Rarity System + Stone system/tool_identification_potion.gif","items-wiki/Rarity System + Stone system","9448","referenciado","stones-guia-completo.html"
"angel outfit1.gif","GIF","assets/media/items-wiki/addons&mount/angel outfit1.gif","items-wiki/addons&mount","9870","sem referencia literal",""
"blacksmith addon.gif","GIF","assets/media/items-wiki/addons&mount/blacksmith addon.gif","items-wiki/addons&mount","10599","sem referencia literal",""
"blood's expert moun&addon.gif","GIF","assets/media/items-wiki/addons&mount/blood's expert moun&addon.gif","items-wiki/addons&mount","1548","sem referencia literal",""
"carnivalist addon.gif","GIF","assets/media/items-wiki/addons&mount/carnivalist addon.gif","items-wiki/addons&mount","9754","sem referencia literal",""
"celestial horse.gif","GIF","assets/media/items-wiki/addons&mount/celestial horse.gif","items-wiki/addons&mount","3413","sem referencia literal",""
"crown mount.gif","GIF","assets/media/items-wiki/addons&mount/crown mount.gif","items-wiki/addons&mount","10673","sem referencia literal",""
"executor member.gif","GIF","assets/media/items-wiki/addons&mount/executor member.gif","items-wiki/addons&mount","6433","sem referencia literal",""
"lion.gif","GIF","assets/media/items-wiki/addons&mount/lion.gif","items-wiki/addons&mount","12082","sem referencia literal",""
"mount.gif","GIF","assets/media/items-wiki/addons&mount/mount.gif","items-wiki/addons&mount","7538","sem referencia literal",""
"outfi1.gif","GIF","assets/media/items-wiki/addons&mount/outfi1.gif","items-wiki/addons&mount","3348","sem referencia literal",""
"outfit2.gif","GIF","assets/media/items-wiki/addons&mount/outfit2.gif","items-wiki/addons&mount","2532","sem referencia literal",""
"outfit3.gif","GIF","assets/media/items-wiki/addons&mount/outfit3.gif","items-wiki/addons&mount","3484","sem referencia literal",""
"royal costume.gif","GIF","assets/media/items-wiki/addons&mount/royal costume.gif","items-wiki/addons&mount","25188","sem referencia literal",""
"staff earth addon.gif","GIF","assets/media/items-wiki/addons&mount/staff earth addon.gif","items-wiki/addons&mount","2904","sem referencia literal",""
"staff energy addon.gif","GIF","assets/media/items-wiki/addons&mount/staff energy addon.gif","items-wiki/addons&mount","2757","sem referencia literal",""
"staff fire addon.gif","GIF","assets/media/items-wiki/addons&mount/staff fire addon.gif","items-wiki/addons&mount","2783","sem referencia literal",""
"staff ice addon.gif","GIF","assets/media/items-wiki/addons&mount/staff ice addon.gif","items-wiki/addons&mount","4562","sem referencia literal",""
"warrior horse.gif","GIF","assets/media/items-wiki/addons&mount/warrior horse.gif","items-wiki/addons&mount","2951","sem referencia literal",""
"arrow1.gif","GIF","assets/media/items-wiki/enhanced tables/arrow/arrow1.gif","items-wiki/enhanced tables/arrow","1150","sem referencia literal",""
"arrow2.gif","GIF","assets/media/items-wiki/enhanced tables/arrow/arrow2.gif","items-wiki/enhanced tables/arrow","1243","sem referencia literal",""
"arrow3.gif","GIF","assets/media/items-wiki/enhanced tables/arrow/arrow3.gif","items-wiki/enhanced tables/arrow","1275","sem referencia literal",""
"arrow4.gif","GIF","assets/media/items-wiki/enhanced tables/arrow/arrow4.gif","items-wiki/enhanced tables/arrow","1348","sem referencia literal",""
"arrow5.gif","GIF","assets/media/items-wiki/enhanced tables/arrow/arrow5.gif","items-wiki/enhanced tables/arrow","1399","sem referencia literal",""
"arrow6.gif","GIF","assets/media/items-wiki/enhanced tables/arrow/arrow6.gif","items-wiki/enhanced tables/arrow","1378","sem referencia literal",""
"arrow7.gif","GIF","assets/media/items-wiki/enhanced tables/arrow/arrow7.gif","items-wiki/enhanced tables/arrow","1412","sem referencia literal",""
"arrow8.gif","GIF","assets/media/items-wiki/enhanced tables/arrow/arrow8.gif","items-wiki/enhanced tables/arrow","1437","sem referencia literal",""
"reffil arro1.gif","GIF","assets/media/items-wiki/enhanced tables/arrow/reffil arro1.gif","items-wiki/enhanced tables/arrow","2039","referenciado","rune-system.html"
"reffil arro2.gif","GIF","assets/media/items-wiki/enhanced tables/arrow/reffil arro2.gif","items-wiki/enhanced tables/arrow","233","sem referencia literal",""
"reffil arro3.gif","GIF","assets/media/items-wiki/enhanced tables/arrow/reffil arro3.gif","items-wiki/enhanced tables/arrow","295","sem referencia literal",""
"reffil arro4.gif","GIF","assets/media/items-wiki/enhanced tables/arrow/reffil arro4.gif","items-wiki/enhanced tables/arrow","369","sem referencia literal",""
"reffil arro5.gif","GIF","assets/media/items-wiki/enhanced tables/arrow/reffil arro5.gif","items-wiki/enhanced tables/arrow","370","sem referencia literal",""
"0.gif","GIF","assets/media/items-wiki/enhanced tables/bolt/0.gif","items-wiki/enhanced tables/bolt","1008","sem referencia literal",""
"1.gif","GIF","assets/media/items-wiki/enhanced tables/bolt/1.gif","items-wiki/enhanced tables/bolt","1080","sem referencia literal",""
"2.gif","GIF","assets/media/items-wiki/enhanced tables/bolt/2.gif","items-wiki/enhanced tables/bolt","1200","sem referencia literal",""
"3.gif","GIF","assets/media/items-wiki/enhanced tables/bolt/3.gif","items-wiki/enhanced tables/bolt","1219","sem referencia literal",""
"4.gif","GIF","assets/media/items-wiki/enhanced tables/bolt/4.gif","items-wiki/enhanced tables/bolt","1242","sem referencia literal",""
"5.gif","GIF","assets/media/items-wiki/enhanced tables/bolt/5.gif","items-wiki/enhanced tables/bolt","1276","sem referencia literal",""
"6.gif","GIF","assets/media/items-wiki/enhanced tables/bolt/6.gif","items-wiki/enhanced tables/bolt","1284","sem referencia literal",""
"7.gif","GIF","assets/media/items-wiki/enhanced tables/bolt/7.gif","items-wiki/enhanced tables/bolt","1280","sem referencia literal",""
"loot.gif","GIF","assets/media/items-wiki/enhanced tables/bolt/loot.gif","items-wiki/enhanced tables/bolt","6335","sem referencia literal",""
"enhanced UH.gif","GIF","assets/media/items-wiki/enhanced tables/enhanced UH.gif","items-wiki/enhanced tables","2151","sem referencia literal",""
"enhanced ava.gif","GIF","assets/media/items-wiki/enhanced tables/enhanced ava.gif","items-wiki/enhanced tables","2245","sem referencia literal",""
"enhanced avalanche.gif","GIF","assets/media/items-wiki/enhanced tables/enhanced avalanche.gif","items-wiki/enhanced tables","21661","referenciado","rune-system.html"
"enhanced berserker.gif","GIF","assets/media/items-wiki/enhanced tables/enhanced berserker.gif","items-wiki/enhanced tables","1794","referenciado","rune-system.html"
"enhanced bullseye (2).gif","GIF","assets/media/items-wiki/enhanced tables/enhanced bullseye (2).gif","items-wiki/enhanced tables","1821","sem referencia literal",""
"enhanced bullseye.gif","GIF","assets/media/items-wiki/enhanced tables/enhanced bullseye.gif","items-wiki/enhanced tables","21487","referenciado","rune-system.html"
"enhanced diamond arrow.gif","GIF","assets/media/items-wiki/enhanced tables/enhanced diamond arrow.gif","items-wiki/enhanced tables","20360","referenciado","rune-system.html"
"enhanced gfb.gif","GIF","assets/media/items-wiki/enhanced tables/enhanced gfb.gif","items-wiki/enhanced tables","2203","sem referencia literal",""
"enhanced great fireball.gif","GIF","assets/media/items-wiki/enhanced tables/enhanced great fireball.gif","items-wiki/enhanced tables","21644","referenciado","rune-system.html"
"enhanced great mana potion.gif","GIF","assets/media/items-wiki/enhanced tables/enhanced great mana potion.gif","items-wiki/enhanced tables","2058","sem referencia literal",""
"enhanced great mana.gif","GIF","assets/media/items-wiki/enhanced tables/enhanced great mana.gif","items-wiki/enhanced tables","22179","sem referencia literal",""
"enhanced mastermind.gif","GIF","assets/media/items-wiki/enhanced tables/enhanced mastermind.gif","items-wiki/enhanced tables","21741","referenciado","rune-system.html"
"enhanced mastermindd.gif","GIF","assets/media/items-wiki/enhanced tables/enhanced mastermindd.gif","items-wiki/enhanced tables","2300","sem referencia literal",""
"enhanced prismatic bolt.gif","GIF","assets/media/items-wiki/enhanced tables/enhanced prismatic bolt.gif","items-wiki/enhanced tables","20333","sem referencia literal",""
"enhanced sd.gif","GIF","assets/media/items-wiki/enhanced tables/enhanced sd.gif","items-wiki/enhanced tables","2217","sem referencia literal",""
"enhanced stone.gif","GIF","assets/media/items-wiki/enhanced tables/enhanced stone.gif","items-wiki/enhanced tables","21698","referenciado","rune-system.html"
"enhanced stones.gif","GIF","assets/media/items-wiki/enhanced tables/enhanced stones.gif","items-wiki/enhanced tables","2202","sem referencia literal",""
"enhanced sudden.gif","GIF","assets/media/items-wiki/enhanced tables/enhanced sudden.gif","items-wiki/enhanced tables","21597","referenciado","rune-system.html"
"enhanced supreme health.gif","GIF","assets/media/items-wiki/enhanced tables/enhanced supreme health.gif","items-wiki/enhanced tables","21983","referenciado","rune-system.html"
"enhanced supreme hp.gif","GIF","assets/media/items-wiki/enhanced tables/enhanced supreme hp.gif","items-wiki/enhanced tables","13941","sem referencia literal",""
"enhanced thunder (2).gif","GIF","assets/media/items-wiki/enhanced tables/enhanced thunder (2).gif","items-wiki/enhanced tables","2190","sem referencia literal",""
"enhanced thunder.gif","GIF","assets/media/items-wiki/enhanced tables/enhanced thunder.gif","items-wiki/enhanced tables","21588","referenciado","rune-system.html"
"enhanced ultimate healing rune.gif","GIF","assets/media/items-wiki/enhanced tables/enhanced ultimate healing rune.gif","items-wiki/enhanced tables","20651","sem referencia literal",""
"enhanced ultimate mana potion (2).gif","GIF","assets/media/items-wiki/enhanced tables/enhanced ultimate mana potion (2).gif","items-wiki/enhanced tables","8543","sem referencia literal",""
"enhanced ultimate mana potion.gif","GIF","assets/media/items-wiki/enhanced tables/enhanced ultimate mana potion.gif","items-wiki/enhanced tables","22112","referenciado","rune-system.html"
"enhanced ultimate spirit potion.gif","GIF","assets/media/items-wiki/enhanced tables/enhanced ultimate spirit potion.gif","items-wiki/enhanced tables","21986","referenciado","rune-system.html"
"enhanced usp.gif","GIF","assets/media/items-wiki/enhanced tables/enhanced usp.gif","items-wiki/enhanced tables","8848","sem referencia literal",""
"enhnaced berserker potion.gif","GIF","assets/media/items-wiki/enhanced tables/enhnaced berserker potion.gif","items-wiki/enhanced tables","21507","sem referencia literal",""
"faster_enhanced tabble.gif","GIF","assets/media/items-wiki/enhanced tables/faster_enhanced tabble.gif","items-wiki/enhanced tables","7665","referenciado","rune-system.html"
"reffil flask.gif","GIF","assets/media/items-wiki/enhanced tables/reffil flask.gif","items-wiki/enhanced tables","701","referenciado","rune-system.html"
"reffil rune.gif","GIF","assets/media/items-wiki/enhanced tables/reffil rune.gif","items-wiki/enhanced tables","11333","referenciado","rune-system.html"
"Bossdaily radar and fiendish.gif","GIF","assets/media/items-wiki/portables/Bossdaily radar and fiendish.gif","items-wiki/portables","6706","referenciado","portables.html"
"portable arrow.gif","GIF","assets/media/items-wiki/portables/portable arrow.gif","items-wiki/portables","3934","referenciado","category-itens-e-equipamentos.html; portables.html"
"portable food.gif","GIF","assets/media/items-wiki/portables/portable food.gif","items-wiki/portables","7672","referenciado","portables.html"
"portable forge.gif","GIF","assets/media/items-wiki/portables/portable forge.gif","items-wiki/portables","9643","referenciado","portables.html"
"portable imbuing.gif","GIF","assets/media/items-wiki/portables/portable imbuing.gif","items-wiki/portables","8501","referenciado","portables.html"
"portable rune.gif","GIF","assets/media/items-wiki/portables/portable rune.gif","items-wiki/portables","5859","referenciado","portables.html"
"portable seller.gif","GIF","assets/media/items-wiki/portables/portable seller.gif","items-wiki/portables","8764","referenciado","portables.html"
"portable task book.gif","GIF","assets/media/items-wiki/portables/portable task book.gif","items-wiki/portables","2627","referenciado","category-sistemas-do-servidor.html; index.html; portables.html; tasks-system.html; assets/js/wiki.js; assets/js/search-index.js"
"portable teleporte.gif","GIF","assets/media/items-wiki/portables/portable teleporte.gif","items-wiki/portables","8527","referenciado","portables.html"
"ammo.gif","GIF","assets/media/menu/ammo.gif","menu","3484","referenciado","category-itens-e-equipamentos.html"
"amulets.gif","GIF","assets/media/menu/amulets.gif","menu","13589","referenciado","category-itens-e-equipamentos.html"
"animus-mastery-soulpit.gif","GIF","assets/media/menu/animus-mastery-soulpit.gif","menu","1529","referenciado","animus-mastery-soulpit.html; category-sistemas-do-servidor.html; index.html; assets/js/wiki.js; assets/js/search-index.js"
"armors.gif","GIF","assets/media/menu/armors.gif","menu","18012","referenciado","category-itens-e-equipamentos.html"
"backpacks.gif","GIF","assets/media/menu/backpacks.gif","menu","6546","referenciado","category-itens-e-equipamentos.html"
"boots.gif","GIF","assets/media/menu/boots.gif","menu","8362","referenciado","category-itens-e-equipamentos.html"
"character-upgrades.gif","GIF","assets/media/menu/character-upgrades.gif","menu","45685207","referenciado","category-sistemas-do-servidor.html; character-upgrades.html; index.html; invasao-de-minibosses.html; assets/js/wiki.js; assets/js/search-index.js"
"comandos-do-servidor.gif","GIF","assets/media/menu/comandos-do-servidor.gif","menu","519","referenciado","category-guias-e-utilidades.html; assets/js/wiki.js; assets/js/search-index.js"
"dark-totem-daily.gif","GIF","assets/media/menu/dark-totem-daily.gif","menu","35983969","referenciado","category-sistemas-do-servidor.html; dark-totem-daily.html; index.html; assets/js/wiki.js; assets/js/search-index.js"
"divergence-system.gif","GIF","assets/media/menu/divergence-system.gif","menu","2396","referenciado","category-sistemas-do-servidor.html; divergence-system.html; index.html; assets/js/wiki.js; assets/js/search-index.js"
"divergencedeath.gif","GIF","assets/media/menu/divergencedeath.gif","menu","23253","referenciado","divergence-system.html"
"divergenceearth.gif","GIF","assets/media/menu/divergenceearth.gif","menu","21011","referenciado","divergence-system.html"
"divergenceenergy.gif","GIF","assets/media/menu/divergenceenergy.gif","menu","14625","referenciado","divergence-system.html"
"divergencefire.gif","GIF","assets/media/menu/divergencefire.gif","menu","16073","referenciado","divergence-system.html"
"divergenceholy.gif","GIF","assets/media/menu/divergenceholy.gif","menu","21475","referenciado","divergence-system.html"
"divergenceice.gif","GIF","assets/media/menu/divergenceice.gif","menu","21377","referenciado","divergence-system.html"
"dolls.gif","GIF","assets/media/menu/dolls.gif","menu","562","referenciado","category-itens-e-equipamentos.html"
"helmets.gif","GIF","assets/media/menu/helmets.gif","menu","13636","referenciado","category-itens-e-equipamentos.html"
"hunts-custom.gif","GIF","assets/media/menu/hunts-custom.gif","menu","21035","sem referencia literal",""
"legs.gif","GIF","assets/media/menu/legs.gif","menu","7774","referenciado","category-itens-e-equipamentos.html"
"mounts.gif","GIF","assets/media/menu/mounts.gif","menu","5325","referenciado","category-colecionaveis.html"
"outfits.gif","GIF","assets/media/menu/outfits.gif","menu","247276","referenciado","category-colecionaveis.html; category-sistemas-do-servidor.html; index.html; outfit-mount-bonus.html; assets/js/wiki.js; assets/js/search-index.js"
"rings.gif","GIF","assets/media/menu/rings.gif","menu","11292","referenciado","category-itens-e-equipamentos.html"
"rune-system.gif","GIF","assets/media/menu/rune-system.gif","menu","10114","referenciado","category-sistemas-do-servidor.html; index.html; assets/js/wiki.js; assets/js/search-index.js"
"shields.gif","GIF","assets/media/menu/shields.gif","menu","9896","referenciado","category-itens-e-equipamentos.html"
"sistema-de-craft.gif","GIF","assets/media/menu/sistema-de-craft.gif","menu","43967967","referenciado","category-sistemas-do-servidor.html; index.html; sistema-de-craft.html; assets/js/wiki.js; assets/js/search-index.js"
"spell-badge-upgrade.gif","GIF","assets/media/menu/spell-badge-upgrade.gif","menu","2766","referenciado","category-sistemas-do-servidor.html; index.html; invasao-de-minibosses.html; assets/js/wiki.js; assets/js/search-index.js"
"stones-guia-completo.gif","GIF","assets/media/menu/stones-guia-completo.gif","menu","2804","referenciado","category-sistemas-do-servidor.html; index.html; assets/js/wiki.js; assets/js/search-index.js"
"weapons.gif","GIF","assets/media/menu/weapons.gif","menu","6779","referenciado","category-itens-e-equipamentos.html"
"01-original.png","PNG","assets/media/miniboss-invasions/01-original.png","miniboss-invasions","1311357","referenciado","invasao-de-minibosses.html"
"01-sprite.gif","GIF","assets/media/miniboss-invasions/01-sprite.gif","miniboss-invasions","4916","referenciado","invasao-de-minibosses.html"
"02-original.png","PNG","assets/media/miniboss-invasions/02-original.png","miniboss-invasions","1431859","referenciado","invasao-de-minibosses.html"
"02-sprite.gif","GIF","assets/media/miniboss-invasions/02-sprite.gif","miniboss-invasions","8637","referenciado","invasao-de-minibosses.html"
"03-original.png","PNG","assets/media/miniboss-invasions/03-original.png","miniboss-invasions","1273136","referenciado","invasao-de-minibosses.html"
"03-sprite.gif","GIF","assets/media/miniboss-invasions/03-sprite.gif","miniboss-invasions","3580","referenciado","invasao-de-minibosses.html"
"04-original.png","PNG","assets/media/miniboss-invasions/04-original.png","miniboss-invasions","1257487","referenciado","invasao-de-minibosses.html"
"04-sprite.gif","GIF","assets/media/miniboss-invasions/04-sprite.gif","miniboss-invasions","5210","referenciado","invasao-de-minibosses.html"
"05-original.png","PNG","assets/media/miniboss-invasions/05-original.png","miniboss-invasions","1297208","referenciado","invasao-de-minibosses.html"
"05-sprite.gif","GIF","assets/media/miniboss-invasions/05-sprite.gif","miniboss-invasions","3913","referenciado","invasao-de-minibosses.html"
"06-original.png","PNG","assets/media/miniboss-invasions/06-original.png","miniboss-invasions","1325598","referenciado","invasao-de-minibosses.html"
"06-sprite.gif","GIF","assets/media/miniboss-invasions/06-sprite.gif","miniboss-invasions","4371","referenciado","invasao-de-minibosses.html"
"07-original.png","PNG","assets/media/miniboss-invasions/07-original.png","miniboss-invasions","1281430","referenciado","invasao-de-minibosses.html"
"07-sprite.gif","GIF","assets/media/miniboss-invasions/07-sprite.gif","miniboss-invasions","8208","referenciado","invasao-de-minibosses.html"
"08-original.png","PNG","assets/media/miniboss-invasions/08-original.png","miniboss-invasions","1180954","referenciado","invasao-de-minibosses.html"
"08-sprite.gif","GIF","assets/media/miniboss-invasions/08-sprite.gif","miniboss-invasions","2264","referenciado","invasao-de-minibosses.html"
"09-original.png","PNG","assets/media/miniboss-invasions/09-original.png","miniboss-invasions","1209808","referenciado","invasao-de-minibosses.html"
"09-sprite.gif","GIF","assets/media/miniboss-invasions/09-sprite.gif","miniboss-invasions","7413","referenciado","invasao-de-minibosses.html"
"10-original.png","PNG","assets/media/miniboss-invasions/10-original.png","miniboss-invasions","981833","referenciado","invasao-de-minibosses.html"
"10-sprite.gif","GIF","assets/media/miniboss-invasions/10-sprite.gif","miniboss-invasions","20238","referenciado","invasao-de-minibosses.html"
"11-original.png","PNG","assets/media/miniboss-invasions/11-original.png","miniboss-invasions","1368219","referenciado","invasao-de-minibosses.html"
"11-sprite.gif","GIF","assets/media/miniboss-invasions/11-sprite.gif","miniboss-invasions","14734","referenciado","invasao-de-minibosses.html"
"12-original.png","PNG","assets/media/miniboss-invasions/12-original.png","miniboss-invasions","1329308","referenciado","invasao-de-minibosses.html"
"12-sprite.gif","GIF","assets/media/miniboss-invasions/12-sprite.gif","miniboss-invasions","3959","referenciado","invasao-de-minibosses.html"
"13-original.png","PNG","assets/media/miniboss-invasions/13-original.png","miniboss-invasions","1290878","referenciado","invasao-de-minibosses.html"
"13-sprite.gif","GIF","assets/media/miniboss-invasions/13-sprite.gif","miniboss-invasions","12484","referenciado","invasao-de-minibosses.html"
"14-original.png","PNG","assets/media/miniboss-invasions/14-original.png","miniboss-invasions","1074039","referenciado","invasao-de-minibosses.html"
"14-sprite.gif","GIF","assets/media/miniboss-invasions/14-sprite.gif","miniboss-invasions","7781","referenciado","invasao-de-minibosses.html"
"15-original.png","PNG","assets/media/miniboss-invasions/15-original.png","miniboss-invasions","1484237","referenciado","invasao-de-minibosses.html"
"15-sprite.gif","GIF","assets/media/miniboss-invasions/15-sprite.gif","miniboss-invasions","25341","referenciado","invasao-de-minibosses.html"
"16-original.png","PNG","assets/media/miniboss-invasions/16-original.png","miniboss-invasions","274772","referenciado","invasao-de-minibosses.html"
"countess-sorrow-original.png","PNG","assets/media/miniboss-invasions/countess-sorrow-original.png","miniboss-invasions","1184788","referenciado","invasao-de-minibosses.html"
"countess-sorrow-sprite.png","PNG","assets/media/miniboss-invasions/countess-sorrow-sprite.png","miniboss-invasions","1463","referenciado","invasao-de-minibosses.html"
"feroxa-original.png","PNG","assets/media/miniboss-invasions/feroxa-original.png","miniboss-invasions","1298364","referenciado","invasao-de-minibosses.html"
"feroxa-sprite.png","PNG","assets/media/miniboss-invasions/feroxa-sprite.png","miniboss-invasions","1388","referenciado","invasao-de-minibosses.html"
"grand-chaplain-gaunder-original.png","PNG","assets/media/miniboss-invasions/grand-chaplain-gaunder-original.png","miniboss-invasions","1210956","referenciado","invasao-de-minibosses.html"
"grand-chaplain-gaunder-sprite.png","PNG","assets/media/miniboss-invasions/grand-chaplain-gaunder-sprite.png","miniboss-invasions","1089","referenciado","invasao-de-minibosses.html"
"guard-captain-quaid-original.png","PNG","assets/media/miniboss-invasions/guard-captain-quaid-original.png","miniboss-invasions","1124622","referenciado","invasao-de-minibosses.html"
"guard-captain-quaid-sprite.png","PNG","assets/media/miniboss-invasions/guard-captain-quaid-sprite.png","miniboss-invasions","1196","referenciado","invasao-de-minibosses.html"
"jailer-original.png","PNG","assets/media/miniboss-invasions/jailer-original.png","miniboss-invasions","1373193","referenciado","invasao-de-minibosses.html"
"jailer-sprite.png","PNG","assets/media/miniboss-invasions/jailer-sprite.png","miniboss-invasions","1236","referenciado","invasao-de-minibosses.html"
"mozradek-original.png","PNG","assets/media/miniboss-invasions/mozradek-original.png","miniboss-invasions","1319399","referenciado","invasao-de-minibosses.html"
"mozradek-sprite.png","PNG","assets/media/miniboss-invasions/mozradek-sprite.png","miniboss-invasions","4160","referenciado","invasao-de-minibosses.html"
"mr-punish-original.png","PNG","assets/media/miniboss-invasions/mr-punish-original.png","miniboss-invasions","1330976","referenciado","invasao-de-minibosses.html"
"mr-punish-sprite.png","PNG","assets/media/miniboss-invasions/mr-punish-sprite.png","miniboss-invasions","2896","referenciado","invasao-de-minibosses.html"
"orc-helmet-original.png","PNG","assets/media/miniboss-invasions/orc-helmet-original.png","miniboss-invasions","1171990","referenciado","invasao-de-minibosses.html"
"orc-helmet-sprite.png","PNG","assets/media/miniboss-invasions/orc-helmet-sprite.png","miniboss-invasions","957","referenciado","invasao-de-minibosses.html"
"orc-shield-original.png","PNG","assets/media/miniboss-invasions/orc-shield-original.png","miniboss-invasions","1179606","referenciado","invasao-de-minibosses.html"
"orc-shield-sprite.png","PNG","assets/media/miniboss-invasions/orc-shield-sprite.png","miniboss-invasions","957","referenciado","invasao-de-minibosses.html"
"preceptor-lazare-original.png","PNG","assets/media/miniboss-invasions/preceptor-lazare-original.png","miniboss-invasions","1073614","referenciado","invasao-de-minibosses.html"
"preceptor-lazare-sprite.png","PNG","assets/media/miniboss-invasions/preceptor-lazare-sprite.png","miniboss-invasions","878","referenciado","invasao-de-minibosses.html"
"the-horned-fox-original.png","PNG","assets/media/miniboss-invasions/the-horned-fox-original.png","miniboss-invasions","1364001","referenciado","invasao-de-minibosses.html"
"the-horned-fox-sprite.png","PNG","assets/media/miniboss-invasions/the-horned-fox-sprite.png","miniboss-invasions","1128","referenciado","invasao-de-minibosses.html"
"the-imperor-original.png","PNG","assets/media/miniboss-invasions/the-imperor-original.png","miniboss-invasions","1172545","referenciado","invasao-de-minibosses.html"
"the-imperor-sprite.png","PNG","assets/media/miniboss-invasions/the-imperor-sprite.png","miniboss-invasions","2355","referenciado","invasao-de-minibosses.html"
"the-plasmother-original.png","PNG","assets/media/miniboss-invasions/the-plasmother-original.png","miniboss-invasions","1288201","referenciado","invasao-de-minibosses.html"
"the-plasmother-sprite.png","PNG","assets/media/miniboss-invasions/the-plasmother-sprite.png","miniboss-invasions","3331","referenciado","invasao-de-minibosses.html"
"white-pale-original.png","PNG","assets/media/miniboss-invasions/white-pale-original.png","miniboss-invasions","1241655","referenciado","invasao-de-minibosses.html"
"white-pale-sprite.png","PNG","assets/media/miniboss-invasions/white-pale-sprite.png","miniboss-invasions","1292","referenciado","invasao-de-minibosses.html"
"zarabustor-original.png","PNG","assets/media/miniboss-invasions/zarabustor-original.png","miniboss-invasions","1123488","referenciado","invasao-de-minibosses.html"
"zarabustor-sprite.png","PNG","assets/media/miniboss-invasions/zarabustor-sprite.png","miniboss-invasions","1220","referenciado","invasao-de-minibosses.html"
"game-store.png","PNG","assets/media/outfit-mount-bonus/game-store.png","outfit-mount-bonus","702531","referenciado","outfit-mount-bonus.html"
"quest-entrance.png","PNG","assets/media/outfit-mount-bonus/quest-entrance.png","outfit-mount-bonus","231131","referenciado","outfit-mount-bonus.html"
"task-mounts.png","PNG","assets/media/outfit-mount-bonus/task-mounts.png","outfit-mount-bonus","1161686","referenciado","outfit-mount-bonus.html"
"task-outfits.png","PNG","assets/media/outfit-mount-bonus/task-outfits.png","outfit-mount-bonus","1143176","referenciado","outfit-mount-bonus.html"
"menu-placeholder.gif","GIF","assets/media/placeholders/menu-placeholder.gif","placeholders","1876","sem referencia literal",""
"under-construction.jpg","JPG","assets/media/placeholders/under-construction.jpg","placeholders","75503","referenciado","ammo.html; amulets.html; armors.html; backpacks.html; boots.html; dolls.html; helmets.html; legs.html; mounts.html; outfits.html; rings.html; shields.html; weapons.html"
"special-tools-npc.png","PNG","assets/media/rarity-system/special-tools-npc.png","rarity-system","223596","referenciado","stones-guia-completo.html"
"tool-prices.png","PNG","assets/media/rarity-system/tool-prices.png","rarity-system","22604","sem referencia literal",""
"arcane-kube.png","PNG","assets/media/reliquary/arcane-kube.png","reliquary","3144","referenciado","category-sistemas-do-servidor.html; index.html; reliquary-system.html; assets/js/wiki.js; assets/js/search-index.js"
"ascended-kube.png","PNG","assets/media/reliquary/ascended-kube.png","reliquary","3573","referenciado","reliquary-system.html"
"empowered-kube.png","PNG","assets/media/reliquary/empowered-kube.png","reliquary","3212","referenciado","reliquary-system.html"
"earth-amplification.gif","GIF","assets/media/reward-items/earth-amplification.gif","reward-items","424","referenciado","tasks-system.html"
"earth-resilience.gif","GIF","assets/media/reward-items/earth-resilience.gif","reward-items","465","referenciado","tasks-system.html"
"energy-amplification.gif","GIF","assets/media/reward-items/energy-amplification.gif","reward-items","426","referenciado","tasks-system.html"
"energy-resilience.gif","GIF","assets/media/reward-items/energy-resilience.gif","reward-items","468","referenciado","tasks-system.html"
"holy-amplification.gif","GIF","assets/media/reward-items/holy-amplification.gif","reward-items","428","referenciado","tasks-system.html"
"holy-resilience.gif","GIF","assets/media/reward-items/holy-resilience.gif","reward-items","464","referenciado","tasks-system.html"
"physical-amplification.gif","GIF","assets/media/reward-items/physical-amplification.gif","reward-items","430","referenciado","tasks-system.html"
"5903-ferumbras-hat.gif","GIF","assets/media/roulette-system/5903-ferumbras-hat.gif","roulette-system","1088","referenciado","dark-totem-daily.html; divergence-system.html; roulette-system.html"
"63022-mysterious-spell-badge.gif","GIF","assets/media/roulette-system/63022-mysterious-spell-badge.gif","roulette-system","2766","referenciado","roulette-system.html"
"63066-20x-prey-cards.gif","GIF","assets/media/roulette-system/63066-20x-prey-cards.gif","roulette-system","2455","referenciado","dark-totem-daily.html; roulette-system.html"
"63067-10x-prey-cards.gif","GIF","assets/media/roulette-system/63067-10x-prey-cards.gif","roulette-system","2445","referenciado","roulette-system.html"
"63068-5x-prey-cards.gif","GIF","assets/media/roulette-system/63068-5x-prey-cards.gif","roulette-system","2412","referenciado","dark-totem-daily.html; roulette-system.html"
"63093-addon-cloth.gif","GIF","assets/media/roulette-system/63093-addon-cloth.gif","roulette-system","14946","referenciado","roulette-system.html"
"63094-mount-token.gif","GIF","assets/media/roulette-system/63094-mount-token.gif","roulette-system","16067","referenciado","roulette-system.html"
"63096-stamina-bottle.gif","GIF","assets/media/roulette-system/63096-stamina-bottle.gif","roulette-system","6571","referenciado","roulette-system.html"
"63097-upgrade-potions.gif","GIF","assets/media/roulette-system/63097-upgrade-potions.gif","roulette-system","7288","referenciado","roulette-system.html"
"63098-dust-bottle-refiller.gif","GIF","assets/media/roulette-system/63098-dust-bottle-refiller.gif","roulette-system","4701","referenciado","roulette-system.html"
"63100-upgrade-stone-lvl-1.gif","GIF","assets/media/roulette-system/63100-upgrade-stone-lvl-1.gif","roulette-system","3620","referenciado","roulette-system.html"
"63105-monk-equipment-box.gif","GIF","assets/media/roulette-system/63105-monk-equipment-box.gif","roulette-system","12935","referenciado","dark-totem-daily.html; roulette-system.html"
"63106-sorcerer-equipment-box.gif","GIF","assets/media/roulette-system/63106-sorcerer-equipment-box.gif","roulette-system","19127","referenciado","dark-totem-daily.html; roulette-system.html"
"63107-druid-equipment-box.gif","GIF","assets/media/roulette-system/63107-druid-equipment-box.gif","roulette-system","24669","referenciado","dark-totem-daily.html; roulette-system.html"
"63108-knight-equipment-box.gif","GIF","assets/media/roulette-system/63108-knight-equipment-box.gif","roulette-system","18238","referenciado","dark-totem-daily.html; roulette-system.html"
"63109-paladin-equipment-box.gif","GIF","assets/media/roulette-system/63109-paladin-equipment-box.gif","roulette-system","18232","referenciado","dark-totem-daily.html; roulette-system.html"
"63110-roulette-token.gif","GIF","assets/media/roulette-system/63110-roulette-token.gif","roulette-system","6275","referenciado","category-sistemas-do-servidor.html; dark-totem-daily.html; index.html; roulette-system.html; tasks-system.html; assets/js/wiki.js; assets/js/search-index.js"
"63136-ratmiral-box.gif","GIF","assets/media/roulette-system/63136-ratmiral-box.gif","roulette-system","15401","referenciado","roulette-system.html"
"63137-brainstealer-box.gif","GIF","assets/media/roulette-system/63137-brainstealer-box.gif","roulette-system","17949","referenciado","roulette-system.html"
"63138-timira-box.gif","GIF","assets/media/roulette-system/63138-timira-box.gif","roulette-system","11674","referenciado","roulette-system.html"
"63139-drume-box.gif","GIF","assets/media/roulette-system/63139-drume-box.gif","roulette-system","6521","referenciado","roulette-system.html"
"63140-scarlett-box.gif","GIF","assets/media/roulette-system/63140-scarlett-box.gif","roulette-system","12203","referenciado","roulette-system.html"
"63141-oberon-box.gif","GIF","assets/media/roulette-system/63141-oberon-box.gif","roulette-system","23036","referenciado","roulette-system.html"
"63142-plunder-box.gif","GIF","assets/media/roulette-system/63142-plunder-box.gif","roulette-system","8445","referenciado","roulette-system.html"
"63143-nightmare-box.gif","GIF","assets/media/roulette-system/63143-nightmare-box.gif","roulette-system","4517","referenciado","roulette-system.html"
"63144-arbaziloth-box.gif","GIF","assets/media/roulette-system/63144-arbaziloth-box.gif","roulette-system","13709","referenciado","roulette-system.html"
"63145-soulwar-box.gif","GIF","assets/media/roulette-system/63145-soulwar-box.gif","roulette-system","9882","referenciado","roulette-system.html"
"63147-gazharagoth-box.gif","GIF","assets/media/roulette-system/63147-gazharagoth-box.gif","roulette-system","4606","referenciado","roulette-system.html"
"63148-zelos-box.gif","GIF","assets/media/roulette-system/63148-zelos-box.gif","roulette-system","13580","referenciado","roulette-system.html"
"63149-mithmah-box.gif","GIF","assets/media/roulette-system/63149-mithmah-box.gif","roulette-system","4744","referenciado","roulette-system.html"
"63150-amber-box.gif","GIF","assets/media/roulette-system/63150-amber-box.gif","roulette-system","7170","referenciado","roulette-system.html"
"63151-sugar-box.gif","GIF","assets/media/roulette-system/63151-sugar-box.gif","roulette-system","8480","referenciado","roulette-system.html"
"63152-monster-box.gif","GIF","assets/media/roulette-system/63152-monster-box.gif","roulette-system","5920","referenciado","roulette-system.html"
"63153-bless-scroll.gif","GIF","assets/media/roulette-system/63153-bless-scroll.gif","roulette-system","493","referenciado","roulette-system.html"
"63155-addon-casket.gif","GIF","assets/media/roulette-system/63155-addon-casket.gif","roulette-system","42188","referenciado","roulette-system.html"
"63156-mount-casket.gif","GIF","assets/media/roulette-system/63156-mount-casket.gif","roulette-system","19792","referenciado","roulette-system.html"
"63157-orange-effect.gif","GIF","assets/media/roulette-system/63157-orange-effect.gif","roulette-system","2442","referenciado","roulette-system.html"
"63158-blue-effect.gif","GIF","assets/media/roulette-system/63158-blue-effect.gif","roulette-system","2442","referenciado","roulette-system.html"
"63159-green-effect.gif","GIF","assets/media/roulette-system/63159-green-effect.gif","roulette-system","2442","referenciado","roulette-system.html"
"63160-red-effect.gif","GIF","assets/media/roulette-system/63160-red-effect.gif","roulette-system","2310","referenciado","roulette-system.html"
"63161-yellow-effect.gif","GIF","assets/media/roulette-system/63161-yellow-effect.gif","roulette-system","2719","referenciado","roulette-system.html"
"63162-orange-effect.gif","GIF","assets/media/roulette-system/63162-orange-effect.gif","roulette-system","2719","referenciado","roulette-system.html"
"63163-blue-effect.gif","GIF","assets/media/roulette-system/63163-blue-effect.gif","roulette-system","2719","referenciado","roulette-system.html"
"63164-purple-effect.gif","GIF","assets/media/roulette-system/63164-purple-effect.gif","roulette-system","2719","referenciado","roulette-system.html"
"63179-claws-box.gif","GIF","assets/media/roulette-system/63179-claws-box.gif","roulette-system","18926","referenciado","roulette-system.html"
"63181-swords-box.gif","GIF","assets/media/roulette-system/63181-swords-box.gif","roulette-system","19835","referenciado","roulette-system.html"
"63182-clubs-box.gif","GIF","assets/media/roulette-system/63182-clubs-box.gif","roulette-system","19493","referenciado","roulette-system.html"
"63183-crossbows-box.gif","GIF","assets/media/roulette-system/63183-crossbows-box.gif","roulette-system","21199","referenciado","roulette-system.html"
"63184-axes-box.gif","GIF","assets/media/roulette-system/63184-axes-box.gif","roulette-system","19915","referenciado","roulette-system.html"
"63185-bows-box.gif","GIF","assets/media/roulette-system/63185-bows-box.gif","roulette-system","20430","referenciado","roulette-system.html"
"63186-wands-box.gif","GIF","assets/media/roulette-system/63186-wands-box.gif","roulette-system","19454","referenciado","roulette-system.html"
"63187-rods-box.gif","GIF","assets/media/roulette-system/63187-rods-box.gif","roulette-system","21636","referenciado","roulette-system.html"
"63191-gems-box.gif","GIF","assets/media/roulette-system/63191-gems-box.gif","roulette-system","7268","referenciado","dark-totem-daily.html; roulette-system.html"
"63194-rings-box.gif","GIF","assets/media/roulette-system/63194-rings-box.gif","roulette-system","4825","referenciado","roulette-system.html"
"63195-amulets-box.gif","GIF","assets/media/roulette-system/63195-amulets-box.gif","roulette-system","8052","referenciado","roulette-system.html"
"63196-mysterious-box.gif","GIF","assets/media/roulette-system/63196-mysterious-box.gif","roulette-system","11081","referenciado","dark-totem-daily.html; roulette-system.html"
"63197-green-exp-potion-10m.gif","GIF","assets/media/roulette-system/63197-green-exp-potion-10m.gif","roulette-system","4726","referenciado","roulette-system.html"
"63198-blue-exp-potion-20m.gif","GIF","assets/media/roulette-system/63198-blue-exp-potion-20m.gif","roulette-system","2587","referenciado","roulette-system.html"
"63199-purple-exp-potion-30m.gif","GIF","assets/media/roulette-system/63199-purple-exp-potion-30m.gif","roulette-system","3724","referenciado","roulette-system.html"
"63201-exercise-elixir-1h.gif","GIF","assets/media/roulette-system/63201-exercise-elixir-1h.gif","roulette-system","10506","referenciado","dark-totem-daily.html; roulette-system.html"
"63208-double-task-scroll.gif","GIF","assets/media/roulette-system/63208-double-task-scroll.gif","roulette-system","9046","referenciado","dark-totem-daily.html; roulette-system.html"
"63209-task-renewer.gif","GIF","assets/media/roulette-system/63209-task-renewer.gif","roulette-system","10240","referenciado","roulette-system.html"
"63275-mystery-durable-exercise.gif","GIF","assets/media/roulette-system/63275-mystery-durable-exercise.gif","roulette-system","1868","referenciado","roulette-system.html"
"63276-mystery-lasting-exercise.gif","GIF","assets/media/roulette-system/63276-mystery-lasting-exercise.gif","roulette-system","1890","referenciado","roulette-system.html; tasks-system.html"
"63284-mystery-mystic-exercise.gif","GIF","assets/media/roulette-system/63284-mystery-mystic-exercise.gif","roulette-system","1799","referenciado","dark-totem-daily.html; roulette-system.html; tasks-system.html"
"63293-mystery-legendary-exercise.gif","GIF","assets/media/roulette-system/63293-mystery-legendary-exercise.gif","roulette-system","1799","referenciado","dark-totem-daily.html; roulette-system.html; tasks-system.html"
"63299-upgrade-stone-lvl-4.gif","GIF","assets/media/roulette-system/63299-upgrade-stone-lvl-4.gif","roulette-system","3007","referenciado","roulette-system.html"
"63639-devil-ruby-outfit.gif","GIF","assets/media/roulette-system/63639-devil-ruby-outfit.gif","roulette-system","3440","referenciado","roulette-system.html"
"63641-devil-emerald-outfit.gif","GIF","assets/media/roulette-system/63641-devil-emerald-outfit.gif","roulette-system","3134","referenciado","roulette-system.html"
"adicionar-novas-tasks.png","PNG","assets/media/scripts-zerobot/adicionar-novas-tasks.png","scripts-zerobot","31166","sem referencia literal",""
"fabio-rockeiro-bot-fire-no-pe.png","PNG","assets/media/scripts-zerobot/fabio-rockeiro-bot-fire-no-pe.png","scripts-zerobot","522505","referenciado","fabio-rockeiro-scripts.html"
"fabio-rockeiro-bot-funcionando.png","PNG","assets/media/scripts-zerobot/fabio-rockeiro-bot-funcionando.png","scripts-zerobot","926779","sem referencia literal",""
"fabio-rockeiro-bot-icon.png","PNG","assets/media/scripts-zerobot/fabio-rockeiro-bot-icon.png","scripts-zerobot","18864","referenciado","category-scripts-zerobot.html; assets/js/wiki.js; assets/js/search-index.js"
"fabio-rockeiro-bot.png","PNG","assets/media/scripts-zerobot/fabio-rockeiro-bot.png","scripts-zerobot","1423752","sem referencia literal",""
"fabio-rockeiro-scripts-preview.png","PNG","assets/media/scripts-zerobot/fabio-rockeiro-scripts-preview.png","scripts-zerobot","696487","sem referencia literal",""
"gif-para-live-twitch.gif","GIF","assets/media/scripts-zerobot/gif-para-live-twitch.gif","scripts-zerobot","11385253","referenciado","fabio-rockeiro-scripts.html"
"reset-fps-fabio-rockeiro.png","PNG","assets/media/scripts-zerobot/reset-fps-fabio-rockeiro.png","scripts-zerobot","858549","sem referencia literal",""
"zerobot-carregar-script.png","PNG","assets/media/scripts-zerobot/zerobot-carregar-script.png","scripts-zerobot","179969","referenciado","fabio-rockeiro-scripts.html"
"zerobot-logo.png","PNG","assets/media/scripts-zerobot/zerobot-logo.png","scripts-zerobot","26037","referenciado","fabio-rockeiro-scripts.html"
"zerobot-xlog-reconectar-atual.png","PNG","assets/media/scripts-zerobot/zerobot-xlog-reconectar-atual.png","scripts-zerobot","304553","referenciado","fabio-rockeiro-scripts.html"
"zerobot-xlog-reconectar.png","PNG","assets/media/scripts-zerobot/zerobot-xlog-reconectar.png","scripts-zerobot","303514","sem referencia literal",""
"bounty-board.png","PNG","assets/media/tasks-system/bounty-board.png","tasks-system","1008417","referenciado","tasks-system.html"
"chest-1.png","PNG","assets/media/tasks-system/chest-1.png","tasks-system","117508","referenciado","tasks-system.html"
"chest-2.png","PNG","assets/media/tasks-system/chest-2.png","tasks-system","103599","referenciado","tasks-system.html"
"chest-3.png","PNG","assets/media/tasks-system/chest-3.png","tasks-system","104197","referenciado","tasks-system.html"
"chest-4.png","PNG","assets/media/tasks-system/chest-4.png","tasks-system","110053","referenciado","tasks-system.html"
"reward-adept.png","PNG","assets/media/tasks-system/reward-adept.png","tasks-system","367283","sem referencia literal",""
"reward-beginner.png","PNG","assets/media/tasks-system/reward-beginner.png","tasks-system","365449","sem referencia literal",""
"reward-expert.png","PNG","assets/media/tasks-system/reward-expert.png","tasks-system","409833","sem referencia literal",""
"reward-master.png","PNG","assets/media/tasks-system/reward-master.png","tasks-system","425182","sem referencia literal",""
"shop-bonuses.png","PNG","assets/media/tasks-system/shop-bonuses.png","tasks-system","1121701","referenciado","tasks-system.html"
"shop-mounts.png","PNG","assets/media/tasks-system/shop-mounts.png","tasks-system","1177089","referenciado","tasks-system.html"
"weekly-board.png","PNG","assets/media/tasks-system/weekly-board.png","tasks-system","1036407","referenciado","tasks-system.html"
"golden-raid-token.gif","GIF","assets/media/trinket-badges/golden-raid-token.gif","trinket-badges","532","referenciado","category-sistemas-do-servidor.html; dark-totem-daily.html; index.html; invasao-de-minibosses.html; spell-badge-upgrade.html; assets/js/wiki.js; assets/js/search-index.js"
"npc.png","PNG","assets/media/trinket-badges/npc.png","trinket-badges","256464","referenciado","spell-badge-upgrade.html"
"trinket-slots.png","PNG","assets/media/trinket-badges/trinket-slots.png","trinket-badges","31837","referenciado","spell-badge-upgrade.html"
"badge-slot.png","PNG","assets/media/trinket-craft/badge-slot.png","trinket-craft","3234","referenciado","sistema-de-craft.html"
"craft-display.png","PNG","assets/media/trinket-craft/craft-display.png","trinket-craft","220142","referenciado","sistema-de-craft.html"
"critical-quest.png","PNG","assets/media/trinket-craft/critical-quest.png","trinket-craft","114820","referenciado","sistema-de-craft.html"
"leech-quest.png","PNG","assets/media/trinket-craft/leech-quest.png","trinket-craft","105147","referenciado","sistema-de-craft.html"
"store.png","PNG","assets/media/trinket-craft/store.png","trinket-craft","414727","referenciado","sistema-de-craft.html"
